[
    {
        "input_output": [
            {
                "input": [
                    {
                        "input": "3",
                        "output": "47",
                        "is_hidden": false,
                        "score": 1,
                        "t_id": 1
                    },
                    {
                        "input": "1",
                        "output": "25",
                        "is_hidden": false,
                        "score": 1,
                        "t_id": 2
                    },
                    {
                        "input": "5",
                        "output": "61",
                        "is_hidden": true,
                        "score": 2,
                        "t_id": 3
                    },
                    {
                        "input": "9",
                        "output": "100",
                        "is_hidden": true,
                        "score": 2,
                        "t_id": 4
                    },
                    {
                        "input": "0",
                        "output": "10",
                        "is_hidden": true,
                        "score": 4,
                        "t_id": 5
                    },
                    {
                        "input": "7",
                        "output": "85",
                        "is_hidden": true,
                        "score": 5,
                        "t_id": 6
                    }
                ],
                "average_time_spent": 0.0,
                "order_no": 100
            }
        ],
        "question_text": "For this problem, the prefilled code contains a tuple of 10 numbers.\n\nWrite a program that takes integer `N` as input and outputs the value at the `N`th index, in a predefined tuple of integers.\n\n---\n\n#### Input\n\nThe program should read a single integer `N`, which indicates the index of the tuple whose value needs to be printed.\n\n---\n\n#### Output\n\nThe program should output the value located at the `N`th index of the tuple.\n\n---\n\n#### Explanation\n\nFor the input `N=3`, the expected output is:\n\n```\n47\n```",
        "short_text": "Tuple Indexing-1",
        "question_type": "CODING",
        "question_key": "python_4241",
        "skills": [],
        "question_format": "CODING_PRACTICE",
        "content_type": "MARKDOWN",
        "difficulty": "",
        "remarks": "",
        "scores_updated": true,
        "scores_computed": 15,
        "question_asked_by_companies_info": [],
        "test_case_evaluation_metrics": [
            {
                "language": "PYTHON",
                "time_limit_to_execute_in_seconds": 10.0
            }
        ],
        "solutions": [
            {
                "order": 1,
                "title": {
                    "content": "Code",
                    "content_type": "TEXT"
                },
                "description": {
                    "content": "",
                    "content_type": ""
                },
                "code_details": [
                    {
                        "code_content": "tuple_values = (10, 25, 33, 47, 52, 61, 78, 85, 90, 100)\n\n# Write your code here:\nn = int(input())\nprint(tuple_values[n])",
                        "language": "PYTHON",
                        "default_code": true
                    }
                ],
                "complexity_analysis": {
                    "content": "",
                    "content_type": ""
                }
            }
        ],
        "hints": [],
        "code_metadata": [
            {
                "is_editable": true,
                "language": "PYTHON",
                "code_data": "tuple_values = (10, 25, 33, 47, 52, 61, 78, 85, 90, 100)\n\n# Write your code here:",
                "default_code": true,
                "base64_encoded": false
            }
        ],
        "cpp_python_time_factor": 0,
        "question_id": "4cfb4c86-4020-497e-92aa-d159ab7cee0f",
        "order_no": 100,
        "tag_names": [
            "Tuples_01_Easy_1"
        ]
    },
    {
        "input_output": [
            {
                "input": [
                    {
                        "input": "1",
                        "output": "25",
                        "is_hidden": false,
                        "score": 1,
                        "t_id": 1
                    },
                    {
                        "input": "3",
                        "output": "47",
                        "is_hidden": true,
                        "score": 1,
                        "t_id": 2
                    },
                    {
                        "input": "5",
                        "output": "61",
                        "is_hidden": false,
                        "score": 2,
                        "t_id": 3
                    },
                    {
                        "input": "9",
                        "output": "100",
                        "is_hidden": true,
                        "score": 2,
                        "t_id": 4
                    },
                    {
                        "input": "0",
                        "output": "10",
                        "is_hidden": true,
                        "score": 4,
                        "t_id": 5
                    },
                    {
                        "input": "7",
                        "output": "85",
                        "is_hidden": true,
                        "score": 5,
                        "t_id": 6
                    }
                ],
                "average_time_spent": 0.0,
                "order_no": 100
            }
        ],
        "question_text": "For this problem, the prefilled code contains a tuple of 10 numbers.\n\nWrite a program that takes  integer `N` as input and prints the number at the `Nth` index in the tuple.\n\n---\n\n#### Input\n\nThe input will be an integer `N`, which represents the index in the tuple.\n\n---\n\n#### Output\n\nPrint the number found at the `N`th index element in the tuple.\n\n---\n\n#### Explanation\n\nFor the input `N=1`, the output will be:\n\n```\n25\n```",
        "short_text": "Tuple Indexing-2",
        "question_type": "CODING",
        "question_key": "python_4242",
        "skills": [],
        "question_format": "CODING_PRACTICE",
        "content_type": "MARKDOWN",
        "difficulty": "",
        "remarks": "",
        "scores_updated": true,
        "scores_computed": 15,
        "question_asked_by_companies_info": [],
        "test_case_evaluation_metrics": [
            {
                "language": "PYTHON",
                "time_limit_to_execute_in_seconds": 10.0
            }
        ],
        "solutions": [
            {
                "order": 1,
                "title": {
                    "content": "Code",
                    "content_type": "TEXT"
                },
                "description": {
                    "content": "",
                    "content_type": ""
                },
                "code_details": [
                    {
                        "code_content": "tuple_values = (10, 25, 33, 47, 52, 61, 78, 85, 90, 100)\n\n# Write your code here:\nn = int(input())\nprint(tuple_values[n])",
                        "language": "PYTHON",
                        "default_code": true
                    }
                ],
                "complexity_analysis": {
                    "content": "",
                    "content_type": ""
                }
            }
        ],
        "hints": [],
        "code_metadata": [
            {
                "is_editable": true,
                "language": "PYTHON",
                "code_data": "tuple_values = (10, 25, 33, 47, 52, 61, 78, 85, 90, 100)\n\n# Write your code here:",
                "default_code": true,
                "base64_encoded": false
            }
        ],
        "cpp_python_time_factor": 0,
        "question_id": "f573dd60-6f5c-4ef7-a527-b7978ab6706f",
        "order_no": 100,
        "tag_names": [
            "Tuples_01_Easy_1"
        ]
    },
    {
        "input_output": [
            {
                "input": [
                    {
                        "input": "2",
                        "output": "33\n<class 'int'>",
                        "is_hidden": false,
                        "score": 1,
                        "t_id": 1
                    },
                    {
                        "input": "4",
                        "output": "52\n<class 'int'>",
                        "is_hidden": false,
                        "score": 1,
                        "t_id": 2
                    },
                    {
                        "input": "0",
                        "output": "10\n<class 'int'>",
                        "is_hidden": true,
                        "score": 4,
                        "t_id": 3
                    },
                    {
                        "input": "7",
                        "output": "85\n<class 'int'>",
                        "is_hidden": true,
                        "score": 4,
                        "t_id": 4
                    },
                    {
                        "input": "9",
                        "output": "100\n<class 'int'>",
                        "is_hidden": true,
                        "score": 5,
                        "t_id": 5
                    }
                ],
                "average_time_spent": 0.0,
                "order_no": 100
            }
        ],
        "question_text": "\nFor this problem, the prefilled code contains a tuple of 10 numbers.\n\nWrite a program that takes an integer `N` as input and prints the `N`th element from a tuple along with its data type.\n\n\n\n---\n\n#### Input\n\nThe input will be a single line containing an integer `N`, which is the index of the element to be retrieved from the tuple.\n\n---\n\n#### Output\n\n- On the first line, print the element at index `N` in the tuple.\n- On the second line, print the data type of the element at index `N`.\n\n---\n\n#### Explanation\n\nInput:\n\n```\n2\n```\n\nOutput:\n\n```\n33\n<class 'int'>\n```\n\nIn this example, the element at index 2 of the tuple is `33`, which is an integer.",
        "short_text": "Tuple Indexing-3",
        "question_type": "CODING",
        "question_key": "python_4243",
        "skills": [],
        "question_format": "CODING_PRACTICE",
        "content_type": "MARKDOWN",
        "difficulty": "",
        "remarks": "",
        "scores_updated": true,
        "scores_computed": 15,
        "question_asked_by_companies_info": [],
        "test_case_evaluation_metrics": [
            {
                "language": "PYTHON",
                "time_limit_to_execute_in_seconds": 10.0
            }
        ],
        "solutions": [
            {
                "order": 1,
                "title": {
                    "content": "Code",
                    "content_type": "TEXT"
                },
                "description": {
                    "content": "",
                    "content_type": ""
                },
                "code_details": [
                    {
                        "code_content": "tuple_values = (10, '25', 33, \"Hii\", 52, 61, True, 85, 90, 100)\n\n# Write your code here:\nn = int(input())\nelement = tuple_values[n]\nprint(element)\nprint(type(element))",
                        "language": "PYTHON",
                        "default_code": true
                    }
                ],
                "complexity_analysis": {
                    "content": "",
                    "content_type": ""
                }
            }
        ],
        "hints": [],
        "code_metadata": [
            {
                "is_editable": true,
                "language": "PYTHON",
                "code_data": "tuple_values = (10, '25', 33, \"Hii\", 52, 61, True, 85, 90, 100)\n\n# Write your code here:",
                "default_code": true,
                "base64_encoded": false
            }
        ],
        "cpp_python_time_factor": 0,
        "question_id": "ec5517f3-7d4e-4abc-bb8f-6360007404e2",
        "order_no": 100,
        "tag_names": [
            "Tuples_01_Easy_1"
        ]
    },
    {
        "input_output": [
            {
                "input": [
                    {
                        "input": "3",
                        "output": "47",
                        "is_hidden": false,
                        "score": 1,
                        "t_id": 1
                    },
                    {
                        "input": "4",
                        "output": "52",
                        "is_hidden": false,
                        "score": 1,
                        "t_id": 2
                    },
                    {
                        "input": "1",
                        "output": "25",
                        "is_hidden": true,
                        "score": 2,
                        "t_id": 3
                    },
                    {
                        "input": "6",
                        "output": "78",
                        "is_hidden": true,
                        "score": 3,
                        "t_id": 4
                    },
                    {
                        "input": "0",
                        "output": "10",
                        "is_hidden": true,
                        "score": 3,
                        "t_id": 5
                    },
                    {
                        "input": "2",
                        "output": "33",
                        "is_hidden": true,
                        "score": 5,
                        "t_id": 6
                    }
                ],
                "average_time_spent": 0.0,
                "order_no": 100
            }
        ],
        "question_text": "\nThe given program contains a tuple of numbers. It will take an integer `N` as input and print the element from tuple that is Present at `Nth` Index\n\nHowever, there may be one or more bugs in the prefilled code provided that need to be resolved. Your task is to identify and fix the bug(s) to ensure the code works as expected.\n\n---\n\n#### Input\n\nThe input will be an integer `N` which represents the index of the element you need to print.\n\n---\n\n#### Output\n\nPrint the element at index `N` in the tuple.\n\n---\n\n#### Explantion\n\nIf `N=3`, then the output should be:\n\n```\n47\n```",
        "short_text": "Tuple Indexer",
        "question_type": "CODING",
        "question_key": "python_4244",
        "skills": [],
        "question_format": "CODING_PRACTICE",
        "content_type": "MARKDOWN",
        "difficulty": "",
        "remarks": "",
        "scores_updated": true,
        "scores_computed": 15,
        "question_asked_by_companies_info": [],
        "test_case_evaluation_metrics": [
            {
                "language": "PYTHON",
                "time_limit_to_execute_in_seconds": 10.0
            }
        ],
        "solutions": [
            {
                "order": 1,
                "title": {
                    "content": "Code",
                    "content_type": "TEXT"
                },
                "description": {
                    "content": "",
                    "content_type": ""
                },
                "code_details": [
                    {
                        "code_content": "tuple_values = (10, 25, 33, 47, 52, 61, 78, 85, 90, 100)\n\n# Write your code here:\nn = int(input())\nprint(tuple_values[n])",
                        "language": "PYTHON",
                        "default_code": true
                    }
                ],
                "complexity_analysis": {
                    "content": "",
                    "content_type": ""
                }
            }
        ],
        "hints": [],
        "code_metadata": [
            {
                "is_editable": true,
                "language": "PYTHON",
                "code_data": "tuple_values = (10, 25, 33, 47, 52, 61, 78, 85, 90, 100)\n\nn = int(input())\nprint(tuple_values[n - 1])  ",
                "default_code": true,
                "base64_encoded": false
            }
        ],
        "cpp_python_time_factor": 0,
        "question_id": "026bffb0-4608-4fc9-bd01-50542bbc8fb4",
        "order_no": 100,
        "tag_names": [
            "Tuples_01_Easy_1"
        ]
    },
    {
        "input_output": [
            {
                "input": [
                    {
                        "input": "World",
                        "output": "('W', 'o', 'r', 'l', 'd')",
                        "is_hidden": false,
                        "score": 1,
                        "t_id": 1
                    },
                    {
                        "input": "Python",
                        "output": "('P', 'y', 't', 'h', 'o', 'n')",
                        "is_hidden": false,
                        "score": 1,
                        "t_id": 2
                    },
                    {
                        "input": "123",
                        "output": "('1', '2', '3')",
                        "is_hidden": true,
                        "score": 1,
                        "t_id": 3
                    },
                    {
                        "input": "Yes!",
                        "output": "('Y', 'e', 's', '!')",
                        "is_hidden": true,
                        "score": 3,
                        "t_id": 4
                    },
                    {
                        "input": "Tuple",
                        "output": "('T', 'u', 'p', 'l', 'e')",
                        "is_hidden": true,
                        "score": 4,
                        "t_id": 5
                    },
                    {
                        "input": "!",
                        "output": "('!',)",
                        "is_hidden": true,
                        "score": 5,
                        "t_id": 6
                    }
                ],
                "average_time_spent": 0.0,
                "order_no": 100
            }
        ],
        "question_text": "\nWrite a program that reads the input from the user, which is a string, and transforms it into a tuple with each character of the string becoming an individual element of the tuple.\n\n---\n\n#### Input\n\nA single line containing the string.\n\n---\n\n#### Output\n\nPrint the tuple with each character of the input string as a separate element of the tuple.\n\n---\n\n#### Explantion\n\nFor the input string `World`, the output should be:\n\n```\n('W', 'o', 'r', 'l', 'd')\n```",
        "short_text": "String to Tuple-1",
        "question_type": "CODING",
        "question_key": "python_4245",
        "skills": [],
        "question_format": "CODING_PRACTICE",
        "content_type": "MARKDOWN",
        "difficulty": "",
        "remarks": "",
        "scores_updated": true,
        "scores_computed": 15,
        "question_asked_by_companies_info": [],
        "test_case_evaluation_metrics": [
            {
                "language": "PYTHON",
                "time_limit_to_execute_in_seconds": 10.0
            }
        ],
        "solutions": [
            {
                "order": 1,
                "title": {
                    "content": "Code",
                    "content_type": "TEXT"
                },
                "description": {
                    "content": "",
                    "content_type": ""
                },
                "code_details": [
                    {
                        "code_content": "input_string = input()\ncharacter_tuple = tuple(input_string)\nprint(character_tuple)",
                        "language": "PYTHON",
                        "default_code": true
                    }
                ],
                "complexity_analysis": {
                    "content": "",
                    "content_type": ""
                }
            }
        ],
        "hints": [],
        "code_metadata": [
            {
                "is_editable": true,
                "language": "PYTHON",
                "code_data": "",
                "default_code": true,
                "base64_encoded": false
            }
        ],
        "cpp_python_time_factor": 0,
        "question_id": "91ceeda5-1576-4d44-bec6-0d5f683a4350",
        "order_no": 100,
        "tag_names": [
            "Tuples_01_Easy_1"
        ]
    },
    {
        "input_output": [
            {
                "input": [
                    {
                        "input": "Be Kind",
                        "output": "('B', 'e', ' ', 'K', 'i', 'n', 'd')",
                        "is_hidden": false,
                        "score": 1,
                        "t_id": 1
                    },
                    {
                        "input": "hi",
                        "output": "('h', 'i')",
                        "is_hidden": false,
                        "score": 1,
                        "t_id": 2
                    },
                    {
                        "input": "Python 3.8",
                        "output": "('P', 'y', 't', 'h', 'o', 'n', ' ', '3', '.', '8')",
                        "is_hidden": true,
                        "score": 3,
                        "t_id": 3
                    },
                    {
                        "input": "Tuple Example",
                        "output": "('T', 'u', 'p', 'l', 'e', ' ', 'E', 'x', 'a', 'm', 'p', 'l', 'e')",
                        "is_hidden": true,
                        "score": 4,
                        "t_id": 4
                    },
                    {
                        "input": "123 456",
                        "output": "('1', '2', '3', ' ', '4', '5', '6')",
                        "is_hidden": true,
                        "score": 6,
                        "t_id": 5
                    }
                ],
                "average_time_spent": 0.0,
                "order_no": 100
            }
        ],
        "question_text": "\nWrite a program that takes the input as string and converts it into a tuple. Where Each character in the string, including spaces, will be a separate element in the tuple.\n\n---\n\n#### Input\n\nThe input will be a single string that may include spaces.\n\n---\n\n#### Output\n\nPrint the tuple where each character of the string, including spaces, is an element of the tuple.\n\n---\n\n#### Explanation\n\nIf the input string is `Be Kind`, the output should be:\n\n```\n('B','e',' ','K','i','n','d')\n```",
        "short_text": "Character Tuple",
        "question_type": "CODING",
        "question_key": "python_4246",
        "skills": [],
        "question_format": "CODING_PRACTICE",
        "content_type": "MARKDOWN",
        "difficulty": "",
        "remarks": "",
        "scores_updated": true,
        "scores_computed": 15,
        "question_asked_by_companies_info": [],
        "test_case_evaluation_metrics": [
            {
                "language": "PYTHON",
                "time_limit_to_execute_in_seconds": 10.0
            }
        ],
        "solutions": [
            {
                "order": 1,
                "title": {
                    "content": "Code",
                    "content_type": "TEXT"
                },
                "description": {
                    "content": "",
                    "content_type": ""
                },
                "code_details": [
                    {
                        "code_content": "string_input = input()\ntuple_values = tuple(string_input)\nprint(tuple_values)",
                        "language": "PYTHON",
                        "default_code": true
                    }
                ],
                "complexity_analysis": {
                    "content": "",
                    "content_type": ""
                }
            }
        ],
        "hints": [],
        "code_metadata": [
            {
                "is_editable": true,
                "language": "PYTHON",
                "code_data": "",
                "default_code": true,
                "base64_encoded": false
            }
        ],
        "cpp_python_time_factor": 0,
        "question_id": "e5d67bf9-f6d2-42cb-9b21-ac717dae0da2",
        "order_no": 100,
        "tag_names": [
            "Tuples_01_Easy_1"
        ]
    },
    {
        "input_output": [
            {
                "input": [
                    {
                        "input": "Hello",
                        "output": "(('H', 1), ('e', 1), ('l', 2), ('o', 1))",
                        "is_hidden": false,
                        "score": 1,
                        "t_id": 1
                    },
                    {
                        "input": "a",
                        "output": "(('a', 1),)",
                        "is_hidden": true,
                        "score": 1,
                        "t_id": 2
                    },
                    {
                        "input": "Data",
                        "output": "(('D', 1), ('a', 2), ('t', 1))",
                        "is_hidden": false,
                        "score": 2,
                        "t_id": 3
                    },
                    {
                        "input": "12345",
                        "output": "(('1', 1), ('2', 1), ('3', 1), ('4', 1), ('5', 1))",
                        "is_hidden": true,
                        "score": 2,
                        "t_id": 4
                    },
                    {
                        "input": "World",
                        "output": "(('W', 1), ('o', 1), ('r', 1), ('l', 1), ('d', 1))",
                        "is_hidden": true,
                        "score": 4,
                        "t_id": 5
                    },
                    {
                        "input": "Mississippi",
                        "output": "(('M', 1), ('i', 4), ('s', 4), ('p', 2))",
                        "is_hidden": true,
                        "score": 5,
                        "t_id": 6
                    }
                ],
                "average_time_spent": 0.0,
                "order_no": 100
            }
        ],
        "question_text": "\nWrite a program that takes string as input and outputs a tuple containing each unique character from the string along with its count in the format `(character, count)`.\n\n---\n\n#### Input\n\nThe input will be a single string.\n\n---\n\n#### Output\n\nPrint a tuple containing each unique character from the string and its count in the format `(character, count)`.\n\n---\n\n#### Explanation\n\nIf the input string is `Hello`, the output should be:\n\n```\n(('H', 1), ('e', 1), ('l', 2), ('o', 1))\n```\n\nNote that the characters should appear in the order they are encountered in the input string.",
        "short_text": "Character Counter",
        "question_type": "CODING",
        "question_key": "python_4247",
        "skills": [],
        "question_format": "CODING_PRACTICE",
        "content_type": "MARKDOWN",
        "difficulty": "",
        "remarks": "",
        "scores_updated": true,
        "scores_computed": 15,
        "question_asked_by_companies_info": [],
        "test_case_evaluation_metrics": [
            {
                "language": "PYTHON",
                "time_limit_to_execute_in_seconds": 10.0
            }
        ],
        "solutions": [
            {
                "order": 1,
                "title": {
                    "content": "Code",
                    "content_type": "TEXT"
                },
                "description": {
                    "content": "",
                    "content_type": ""
                },
                "code_details": [
                    {
                        "code_content": "string_input = input()\n\ncharacter_counts = {}\n\nfor char in string_input:\n    if char in character_counts:\n        character_counts[char] += 1\n    else:\n        character_counts[char] = 1\n\ntuple_list = []\n\nfor char in character_counts:\n    tuple_list.append((char, character_counts[char]))\n\ntuple_output = tuple(tuple_list)\n\nprint(tuple_output)\n",
                        "language": "PYTHON",
                        "default_code": true
                    }
                ],
                "complexity_analysis": {
                    "content": "",
                    "content_type": ""
                }
            }
        ],
        "hints": [],
        "code_metadata": [
            {
                "is_editable": true,
                "language": "PYTHON",
                "code_data": "",
                "default_code": true,
                "base64_encoded": false
            }
        ],
        "cpp_python_time_factor": 0,
        "question_id": "63cd8659-e263-4505-922d-8661ecaf8ccd",
        "order_no": 100,
        "tag_names": [
            "Tuples_01_Easy_1"
        ]
    },
    {
        "input_output": [
            {
                "input": [
                    {
                        "input": "Python",
                        "output": "('P', 'y', 't', 'h', 'o', 'n')",
                        "is_hidden": false,
                        "score": 1,
                        "t_id": 1
                    },
                    {
                        "input": "Code",
                        "output": "('C', 'o', 'd', 'e')",
                        "is_hidden": false,
                        "score": 1,
                        "t_id": 2
                    },
                    {
                        "input": "123",
                        "output": "('1', '2', '3')",
                        "is_hidden": true,
                        "score": 6,
                        "t_id": 3
                    },
                    {
                        "input": "!",
                        "output": "('!',)",
                        "is_hidden": true,
                        "score": 7,
                        "t_id": 4
                    }
                ],
                "average_time_spent": 0.0,
                "order_no": 100
            }
        ],
        "question_text": "\nThe given program is supposed to read a string from the user and convert it into a tuple, where each character of the string becomes an individual element of the tuple. \n\nHowever, there may be one or more bugs in the prefilled code provided that need to be resolved. Your task is to identify and fix the bug(s) to ensure the code works as expected.\n\n---\n\n#### Input\n\nThe input will be a single string, which can include letters, spaces, or special characters.\n\n---\n\n#### Output\n\nPrint the tuple where each character of the string is an element of the tuple.\n\n---\n\n#### Explanation\n\nIf the input string is `Python`, the output should be:\n\n```\n('P', 'y', 't', 'h', 'o', 'n')\n```",
        "short_text": "String to Tuple-2",
        "question_type": "CODING",
        "question_key": "python_4248",
        "skills": [],
        "question_format": "CODING_PRACTICE",
        "content_type": "MARKDOWN",
        "difficulty": "",
        "remarks": "",
        "scores_updated": true,
        "scores_computed": 15,
        "question_asked_by_companies_info": [],
        "test_case_evaluation_metrics": [
            {
                "language": "PYTHON",
                "time_limit_to_execute_in_seconds": 10.0
            }
        ],
        "solutions": [
            {
                "order": 1,
                "title": {
                    "content": "Code",
                    "content_type": "TEXT"
                },
                "description": {
                    "content": "",
                    "content_type": ""
                },
                "code_details": [
                    {
                        "code_content": "string_input = input()\ntuple_values = tuple(string_input)\nprint(tuple_values)",
                        "language": "PYTHON",
                        "default_code": true
                    }
                ],
                "complexity_analysis": {
                    "content": "",
                    "content_type": ""
                }
            }
        ],
        "hints": [],
        "code_metadata": [
            {
                "is_editable": true,
                "language": "PYTHON",
                "code_data": "string_input = input()\ntuple_values = tuple[string_input]\nprint(tuple_values)",
                "default_code": true,
                "base64_encoded": false
            }
        ],
        "cpp_python_time_factor": 0,
        "question_id": "4f04858e-21b1-449e-a6ae-914022cfe508",
        "order_no": 100,
        "tag_names": [
            "Tuples_01_Easy_1"
        ]
    },
    {
        "input_output": [
            {
                "input": [
                    {
                        "input": "4\n10\n20\n30\n40",
                        "output": "('10', '20', '30', '40')",
                        "is_hidden": false,
                        "score": 1,
                        "t_id": 1
                    },
                    {
                        "input": "1\n42",
                        "output": "('42',)",
                        "is_hidden": true,
                        "score": 1,
                        "t_id": 2
                    },
                    {
                        "input": "3\nPython\nJava\nC++",
                        "output": "('Python', 'Java', 'C++')",
                        "is_hidden": false,
                        "score": 3,
                        "t_id": 3
                    },
                    {
                        "input": "5\n1\n2\n3\n4\n5",
                        "output": "('1', '2', '3', '4', '5')",
                        "is_hidden": true,
                        "score": 3,
                        "t_id": 4
                    },
                    {
                        "input": "2\n\nSpace",
                        "output": "('', 'Space')",
                        "is_hidden": true,
                        "score": 7,
                        "t_id": 5
                    }
                ],
                "average_time_spent": 0.0,
                "order_no": 100
            }
        ],
        "question_text": "\nWrite a program that takes integer `N` as input and read `N` values to form a list, and then transforms that list into a tuple.\n\n---\n\n#### Input\n\n- The first line contains an integer `N`, which is the number of elements to be included in the list.\n- The following `N` lines contain the elements that will be added to the list, each in a new line.\n\n---\n\n#### Output\n\nPrint the tuple that is created from the list elements.\n\n---\n\n#### Explanation\n\nGiven `N=4` and the `N` values as **10, 20, 30, 40**, the program should output:\n\n```\n('10', '20', '30', '40')\n```",
        "short_text": "List to Tuple-1",
        "question_type": "CODING",
        "question_key": "python_4249",
        "skills": [],
        "question_format": "CODING_PRACTICE",
        "content_type": "MARKDOWN",
        "difficulty": "",
        "remarks": "",
        "scores_updated": true,
        "scores_computed": 15,
        "question_asked_by_companies_info": [],
        "test_case_evaluation_metrics": [
            {
                "language": "PYTHON",
                "time_limit_to_execute_in_seconds": 10.0
            }
        ],
        "solutions": [
            {
                "order": 1,
                "title": {
                    "content": "Code",
                    "content_type": "TEXT"
                },
                "description": {
                    "content": "",
                    "content_type": ""
                },
                "code_details": [
                    {
                        "code_content": "n = int(input())\n\nlist_values = []\nfor i in range(n):\n    value = input()\n    list_values.append(value)\n\ntuple_values = tuple(list_values)\nprint(tuple_values)",
                        "language": "PYTHON",
                        "default_code": true
                    }
                ],
                "complexity_analysis": {
                    "content": "",
                    "content_type": ""
                }
            }
        ],
        "hints": [],
        "code_metadata": [
            {
                "is_editable": true,
                "language": "PYTHON",
                "code_data": "",
                "default_code": true,
                "base64_encoded": false
            }
        ],
        "cpp_python_time_factor": 0,
        "question_id": "262ab0c2-c16e-4ea5-9260-1e99ea2c1224",
        "order_no": 100,
        "tag_names": [
            "Tuples_01_Easy_1"
        ]
    },
    {
        "input_output": [
            {
                "input": [
                    {
                        "input": "apple orange banana grape",
                        "output": "('apple', 'orange', 'banana', 'grape')",
                        "is_hidden": false,
                        "score": 1,
                        "t_id": 1
                    },
                    {
                        "input": "1 2 3 4 5",
                        "output": "('1', '2', '3', '4', '5')",
                        "is_hidden": false,
                        "score": 1,
                        "t_id": 2
                    },
                    {
                        "input": "hello world",
                        "output": "('hello', 'world')",
                        "is_hidden": true,
                        "score": 6,
                        "t_id": 3
                    },
                    {
                        "input": "python coding challenge",
                        "output": "('python', 'coding', 'challenge')",
                        "is_hidden": true,
                        "score": 7,
                        "t_id": 4
                    }
                ],
                "average_time_spent": 0.0,
                "order_no": 100
            }
        ],
        "question_text": "\nWrite a program that takes a single line input of space-separated values, converts them into a list, and then transforms the list into a tuple.\n\n---\n\n#### Input\n\n A single line containing space-separated values that need to be added to the list.\n\n---\n\n#### Output\n\n Print the tuple created from the list of space-separated values.\n\n---\n\n#### Explanation\n\nIf the input is **\"apple orange banana grape\"**, then the output should be:\n\n```\n('apple', 'orange', 'banana', 'grape')\n```",
        "short_text": "List to Tuple Conversion-1",
        "question_type": "CODING",
        "question_key": "python_4250",
        "skills": [],
        "question_format": "CODING_PRACTICE",
        "content_type": "MARKDOWN",
        "difficulty": "",
        "remarks": "",
        "scores_updated": true,
        "scores_computed": 15,
        "question_asked_by_companies_info": [],
        "test_case_evaluation_metrics": [
            {
                "language": "PYTHON",
                "time_limit_to_execute_in_seconds": 10.0
            }
        ],
        "solutions": [
            {
                "order": 1,
                "title": {
                    "content": "Code",
                    "content_type": "TEXT"
                },
                "description": {
                    "content": "",
                    "content_type": ""
                },
                "code_details": [
                    {
                        "code_content": "values = input().split()\n\nlist_values = []\n\nfor value in values:\n    list_values.append(value)\n\ntuple_values = tuple(list_values)\n\nprint(tuple_values)",
                        "language": "PYTHON",
                        "default_code": true
                    }
                ],
                "complexity_analysis": {
                    "content": "",
                    "content_type": ""
                }
            }
        ],
        "hints": [],
        "code_metadata": [
            {
                "is_editable": true,
                "language": "PYTHON",
                "code_data": "",
                "default_code": true,
                "base64_encoded": false
            }
        ],
        "cpp_python_time_factor": 0,
        "question_id": "356c4a05-4108-43e6-a7f4-21de4483de9a",
        "order_no": 100,
        "tag_names": [
            "Tuples_01_Easy_1"
        ]
    },
    {
        "input_output": [
            {
                "input": [
                    {
                        "input": "4\n10\n20\n30\n40",
                        "output": "('40', '30', '20', '10')",
                        "is_hidden": false,
                        "score": 1,
                        "t_id": 1
                    },
                    {
                        "input": "3\nA\nB\nC",
                        "output": "('C', 'B', 'A')",
                        "is_hidden": false,
                        "score": 1,
                        "t_id": 2
                    },
                    {
                        "input": "2\nHello\nWorld",
                        "output": "('World', 'Hello')",
                        "is_hidden": true,
                        "score": 6,
                        "t_id": 3
                    },
                    {
                        "input": "5\nApple\nBanana\nOrange\nGrapes\nLichi",
                        "output": "('Lichi', 'Grapes', 'Orange', 'Banana', 'Apple')",
                        "is_hidden": true,
                        "score": 7,
                        "t_id": 4
                    }
                ],
                "average_time_spent": 0.0,
                "order_no": 100
            }
        ],
        "question_text": "\nWrite a program that takes an integer `N` as input and reads `N` values to create a list, and then converts the list into a tuple. Finally, the program should output the tuple in reverse order.\n\n---\n\n#### Input\n\n- The first line contains an integer `N`, representing the number of elements in the list.\n- The next `N` lines contain the elements to be added to the list.\n\n---\n\n#### Output\n\n  Print the tuple created from the list, in reverse order.\n\n---\n\n#### Explanation\n\nIf `N=4` and the `N` values are **10, 20, 30, 40**, then the output should be:\n\n```\n('40', '30', '20', '10')\n```",
        "short_text": "List to Tuple Conversion-2",
        "question_type": "CODING",
        "question_key": "python_4251",
        "skills": [],
        "question_format": "CODING_PRACTICE",
        "content_type": "MARKDOWN",
        "difficulty": "",
        "remarks": "",
        "scores_updated": true,
        "scores_computed": 15,
        "question_asked_by_companies_info": [],
        "test_case_evaluation_metrics": [
            {
                "language": "PYTHON",
                "time_limit_to_execute_in_seconds": 10.0
            }
        ],
        "solutions": [
            {
                "order": 1,
                "title": {
                    "content": "Code",
                    "content_type": "TEXT"
                },
                "description": {
                    "content": "",
                    "content_type": ""
                },
                "code_details": [
                    {
                        "code_content": "n = int(input())\n\nlist_values = []\nfor i in range(n):\n    value = input()\n    list_values.append(value)\n\ntuple_values = tuple(list_values)\nprint(tuple_values[::-1])",
                        "language": "PYTHON",
                        "default_code": true
                    }
                ],
                "complexity_analysis": {
                    "content": "",
                    "content_type": ""
                }
            }
        ],
        "hints": [],
        "code_metadata": [
            {
                "is_editable": true,
                "language": "PYTHON",
                "code_data": "",
                "default_code": true,
                "base64_encoded": false
            }
        ],
        "cpp_python_time_factor": 0,
        "question_id": "5b2ae47c-b71f-4cf0-856c-a5fc871708a9",
        "order_no": 100,
        "tag_names": [
            "Tuples_01_Easy_1"
        ]
    },
    {
        "input_output": [
            {
                "input": [
                    {
                        "input": "4\n10\n20\n30\n40",
                        "output": "('10', '20', '30', '40')",
                        "is_hidden": false,
                        "score": 1,
                        "t_id": 1
                    },
                    {
                        "input": "3\nA\nB\nC",
                        "output": "('A', 'B', 'C')",
                        "is_hidden": false,
                        "score": 1,
                        "t_id": 2
                    },
                    {
                        "input": "2\nHello\nWorld",
                        "output": "('Hello', 'World')",
                        "is_hidden": true,
                        "score": 6,
                        "t_id": 3
                    },
                    {
                        "input": "5\nApple\nBanana\nOrange\nGrapes\nLichi",
                        "output": "('Apple', 'Banana', 'Orange', 'Grapes', 'Lichi')",
                        "is_hidden": true,
                        "score": 7,
                        "t_id": 4
                    }
                ],
                "average_time_spent": 0.0,
                "order_no": 100
            }
        ],
        "question_text": "\nThe given program is will take an integer `N` as input, read `N` values to create a list, and then convert the list into a tuple. \n\nHowever, there may be one or more bugs in the prefilled code provided that need to be resolved. Your task is to identify and fix the bug(s) to ensure the code works as expected.\n\n---\n\n#### Input\n\nTo complete this task, you will need to take the following inputs:\n\n- The first line contains an integer `N`, representing the number of elements in the list.\n- The next `N` lines contain the elements to be added to the list.\n\n---\n\n#### Output\n\nThe output of the program should be the tuple created from the list.\n\n---\n\n#### Explanation\n\nFor example, if `N=4` and the `N` values are `10, 20, 30, 40`, then the output should be:\n\n```\n('10', '20', '30', '40')\n```",
        "short_text": "List to Tuple-2",
        "question_type": "CODING",
        "question_key": "python_4252",
        "skills": [],
        "question_format": "CODING_PRACTICE",
        "content_type": "MARKDOWN",
        "difficulty": "",
        "remarks": "",
        "scores_updated": true,
        "scores_computed": 15,
        "question_asked_by_companies_info": [],
        "test_case_evaluation_metrics": [
            {
                "language": "PYTHON",
                "time_limit_to_execute_in_seconds": 10.0
            }
        ],
        "solutions": [
            {
                "order": 1,
                "title": {
                    "content": "Code",
                    "content_type": "TEXT"
                },
                "description": {
                    "content": "",
                    "content_type": ""
                },
                "code_details": [
                    {
                        "code_content": "n = int(input())\n\nlist_values = []\nfor i in range(n):\n    value = input()\n    list_values.append(value)\n\ntuple_values = tuple(list_values)\nprint(tuple_values)",
                        "language": "PYTHON",
                        "default_code": true
                    }
                ],
                "complexity_analysis": {
                    "content": "",
                    "content_type": ""
                }
            }
        ],
        "hints": [],
        "code_metadata": [
            {
                "is_editable": true,
                "language": "PYTHON",
                "code_data": "n = int(input())\n\nlist_values = []\nfor i in range(n):\n    value = input()\n    list_values.append(int(value))  \n\ntuple_values = tuple(list_values)\nprint(tuple_values)",
                "default_code": true,
                "base64_encoded": false
            }
        ],
        "cpp_python_time_factor": 0,
        "question_id": "127b79dd-9f1b-4081-a40b-751d305d91b3",
        "order_no": 100,
        "tag_names": [
            "Tuples_01_Easy_1"
        ]
    },
    {
        "input_output": [
            {
                "input": [
                    {
                        "input": "30",
                        "output": "True",
                        "is_hidden": false,
                        "score": 1,
                        "t_id": 1
                    },
                    {
                        "input": "100",
                        "output": "True",
                        "is_hidden": false,
                        "score": 1,
                        "t_id": 2
                    },
                    {
                        "input": "110",
                        "output": "False",
                        "is_hidden": true,
                        "score": 7,
                        "t_id": 3
                    },
                    {
                        "input": "60",
                        "output": "True",
                        "is_hidden": true,
                        "score": 6,
                        "t_id": 4
                    }
                ],
                "average_time_spent": 0.0,
                "order_no": 100
            }
        ],
        "question_text": "\nWrite a program that takes integer `X` as input and checks if `X` is in a pre-made list of numbers. If `X` is in the list, the program should print `True`. If `X` is not in the list, it should print `False`.\n\n---\n\n#### Input\n\nThe first line contains the integer `X` that you need to look for in the list.\n\n---\n\n#### Output\n\n- Print `True` if the integer `X` is found in the list, otherwise print `False`.\n\n---\n\n#### Example\n\nIf `X=30`, then the output should be:\n\n```\nTrue\n```\n\nThis means that the number `X` is in the list.",
        "short_text": "Number Finder",
        "question_type": "CODING",
        "question_key": "python_4253",
        "skills": [],
        "question_format": "CODING_PRACTICE",
        "content_type": "MARKDOWN",
        "difficulty": "",
        "remarks": "",
        "scores_updated": true,
        "scores_computed": 15,
        "question_asked_by_companies_info": [],
        "test_case_evaluation_metrics": [
            {
                "language": "PYTHON",
                "time_limit_to_execute_in_seconds": 10.0
            }
        ],
        "solutions": [
            {
                "order": 1,
                "title": {
                    "content": "Code",
                    "content_type": "TEXT"
                },
                "description": {
                    "content": "",
                    "content_type": ""
                },
                "code_details": [
                    {
                        "code_content": "list_numbers = [10, 20, 30, 40, 50, 60, 70, 80, 90, 100]\n\n# Write your code here:\nx = int(input())  \nprint(x in list_numbers)",
                        "language": "PYTHON",
                        "default_code": true
                    }
                ],
                "complexity_analysis": {
                    "content": "",
                    "content_type": ""
                }
            }
        ],
        "hints": [],
        "code_metadata": [
            {
                "is_editable": true,
                "language": "PYTHON",
                "code_data": "# The list of numbers is already provided.\n# You do not need to change this.\nlist_numbers = [10, 20, 30, 40, 50, 60, 70, 80, 90, 100]\n\n# Now, write your code below to check if an integer X is in the list:\n# Remember to read the input and then print True or False.",
                "default_code": true,
                "base64_encoded": false
            }
        ],
        "cpp_python_time_factor": 0,
        "question_id": "987d20d9-c10d-4569-9d64-28d578c87daa",
        "order_no": 100,
        "tag_names": [
            "Tuples_01_Easy_1"
        ]
    },
    {
        "input_output": [
            {
                "input": [
                    {
                        "input": "3 7\n",
                        "output": "True",
                        "is_hidden": false,
                        "score": 1,
                        "t_id": 1
                    },
                    {
                        "input": "1 9\n",
                        "output": "True",
                        "is_hidden": false,
                        "score": 1,
                        "t_id": 2
                    },
                    {
                        "input": "5 5\n",
                        "output": "True",
                        "is_hidden": true,
                        "score": 2,
                        "t_id": 3
                    },
                    {
                        "input": "6 4\n",
                        "output": "True",
                        "is_hidden": true,
                        "score": 2,
                        "t_id": 4
                    },
                    {
                        "input": "0 9\n",
                        "output": "False",
                        "is_hidden": true,
                        "score": 3,
                        "t_id": 5
                    },
                    {
                        "input": "8 2\n",
                        "output": "True",
                        "is_hidden": true,
                        "score": 6,
                        "t_id": 6
                    }
                ],
                "average_time_spent": 0.0,
                "order_no": 100
            }
        ],
        "question_text": "For this problem, the prefilled code contains a tuple of 10 numbers.\n\nWrite a program that takes two integers `a` and `b` as input, and checks if the sum of `a` and `b` is present in the tuple. The program should print `True` if the sum is found in the tuple, and `False` otherwise.\n\n---\n\n#### Input\n\nA single line containing two integers `a` and `b`.\n\n---\n\n#### Output\n\nPrint `True` if the sum of `a` and `b` is present in the tuple, otherwise print `False`.\n\n---\n\n#### Explanation\n\nInput:\n\n```\n3 7 \n```\n\nOutput:\n\n```\nTrue\n```\n\nThe sum of `3` and `7` is `10`, which is present in the tuple.\n",
        "short_text": "Number Search",
        "question_type": "CODING",
        "question_key": "python_4254",
        "skills": [],
        "question_format": "CODING_PRACTICE",
        "content_type": "MARKDOWN",
        "difficulty": "",
        "remarks": "",
        "scores_updated": true,
        "scores_computed": 15,
        "question_asked_by_companies_info": [],
        "test_case_evaluation_metrics": [
            {
                "language": "PYTHON",
                "time_limit_to_execute_in_seconds": 10.0
            }
        ],
        "solutions": [
            {
                "order": 1,
                "title": {
                    "content": "Code",
                    "content_type": "TEXT"
                },
                "description": {
                    "content": "",
                    "content_type": ""
                },
                "code_details": [
                    {
                        "code_content": "numbers = (10, 20, 30, 40, 50, 60, 70, 80, 90, 100)\n\ninp = input().split()\n\na = int(inp[0])\nb = int(inp[1])\nsum_ab = a + b\n\nif sum_ab in numbers:\n    print(True)\nelse:\n    print(False)",
                        "language": "PYTHON",
                        "default_code": true
                    }
                ],
                "complexity_analysis": {
                    "content": "",
                    "content_type": ""
                }
            }
        ],
        "hints": [],
        "code_metadata": [
            {
                "is_editable": true,
                "language": "PYTHON",
                "code_data": "numbers = (10, 20, 30, 40, 50, 60, 70, 80, 90, 100)\n\n# Write your code here:",
                "default_code": true,
                "base64_encoded": false
            }
        ],
        "cpp_python_time_factor": 0,
        "question_id": "5cd61748-6368-4b4d-9360-d81969fdeb53",
        "order_no": 100,
        "tag_names": [
            "Tuples_01_Easy_1"
        ]
    },
    {
        "input_output": [
            {
                "input": [
                    {
                        "input": "30\n",
                        "output": "Yes",
                        "is_hidden": false,
                        "score": 1,
                        "t_id": 1
                    },
                    {
                        "input": "25\n",
                        "output": "No",
                        "is_hidden": false,
                        "score": 1,
                        "t_id": 2
                    },
                    {
                        "input": "10\n",
                        "output": "Yes",
                        "is_hidden": true,
                        "score": 1,
                        "t_id": 3
                    },
                    {
                        "input": "100\n",
                        "output": "Yes",
                        "is_hidden": true,
                        "score": 1,
                        "t_id": 4
                    },
                    {
                        "input": "55\n",
                        "output": "No",
                        "is_hidden": true,
                        "score": 2,
                        "t_id": 5
                    },
                    {
                        "input": "80\n",
                        "output": "Yes",
                        "is_hidden": true,
                        "score": 3,
                        "t_id": 6
                    },
                    {
                        "input": "1\n",
                        "output": "No",
                        "is_hidden": true,
                        "score": 3,
                        "t_id": 7
                    },
                    {
                        "input": "70\n",
                        "output": "Yes",
                        "is_hidden": true,
                        "score": 3,
                        "t_id": 8
                    }
                ],
                "average_time_spent": 0.0,
                "order_no": 100
            }
        ],
        "question_text": "\nFor this problem, the prefilled code contains a tuple of 10 numbers.\n\nWrite a program that will takes an integer `X` as input and determine whether `X` is in the tuple. Print `Yes` if `X` is found in the tuple, and `No` if it is not.\n\n---\n\n#### Input\n\nA single line containing the integer `X`.\n\n---\n\n#### Output\n\nPrint `Yes` if `X` is present in the tuple, otherwise print `No`.\n\n---\n\n#### Explanation\n\nInput:\n\n```\n30\n```\n\nOutput:\n\n```\nYes\n```\n\nSince the number `30` is present in the tuple, the output is `Yes`.",
        "short_text": "Number Presence",
        "question_type": "CODING",
        "question_key": "python_4255",
        "skills": [],
        "question_format": "CODING_PRACTICE",
        "content_type": "MARKDOWN",
        "difficulty": "",
        "remarks": "",
        "scores_updated": true,
        "scores_computed": 15,
        "question_asked_by_companies_info": [],
        "test_case_evaluation_metrics": [
            {
                "language": "PYTHON",
                "time_limit_to_execute_in_seconds": 10.0
            }
        ],
        "solutions": [
            {
                "order": 1,
                "title": {
                    "content": "Code",
                    "content_type": "TEXT"
                },
                "description": {
                    "content": "",
                    "content_type": ""
                },
                "code_details": [
                    {
                        "code_content": "list_values = [10, 20, 30, 40, 50, 60, 70, 80, 90, 100]\n\nx = int(input())  \nif x in list_values:\n    print(\"Yes\")\nelse:\n    print(\"No\")",
                        "language": "PYTHON",
                        "default_code": true
                    }
                ],
                "complexity_analysis": {
                    "content": "",
                    "content_type": ""
                }
            }
        ],
        "hints": [],
        "code_metadata": [
            {
                "is_editable": true,
                "language": "PYTHON",
                "code_data": "list_values = [10, 20, 30, 40, 50, 60, 70, 80, 90, 100]\n\n# Write your code here:",
                "default_code": true,
                "base64_encoded": false
            }
        ],
        "cpp_python_time_factor": 0,
        "question_id": "2e39bea4-73be-443f-ac92-1e40d3e7378f",
        "order_no": 100,
        "tag_names": [
            "Tuples_01_Easy_1"
        ]
    },
    {
        "input_output": [
            {
                "input": [
                    {
                        "input": "30\n",
                        "output": "Element found",
                        "is_hidden": false,
                        "score": 1,
                        "t_id": 1
                    },
                    {
                        "input": "25\n",
                        "output": "Element not found",
                        "is_hidden": false,
                        "score": 1,
                        "t_id": 2
                    },
                    {
                        "input": "10\n",
                        "output": "Element found",
                        "is_hidden": true,
                        "score": 1,
                        "t_id": 3
                    },
                    {
                        "input": "100\n",
                        "output": "Element found",
                        "is_hidden": true,
                        "score": 1,
                        "t_id": 4
                    },
                    {
                        "input": "55\n",
                        "output": "Element not found",
                        "is_hidden": true,
                        "score": 2,
                        "t_id": 5
                    },
                    {
                        "input": "80\n",
                        "output": "Element found",
                        "is_hidden": true,
                        "score": 3,
                        "t_id": 6
                    },
                    {
                        "input": "1\n",
                        "output": "Element not found",
                        "is_hidden": true,
                        "score": 3,
                        "t_id": 7
                    },
                    {
                        "input": "70\n",
                        "output": "Element found",
                        "is_hidden": true,
                        "score": 3,
                        "t_id": 8
                    }
                ],
                "average_time_spent": 0.0,
                "order_no": 100
            }
        ],
        "question_text": "\nFor this problem, the prefilled code contains a tuple of 10 numbers.\n\nWrite a program that takes an integer `X` as input and checks if `X` is present in the tuple. If `X` is found within the tuple, the program should print `\"Element found\"`; otherwise, it should print `\"Element not found\"`.\n\nHowever, there may be one or more bugs in the prefilled code provided that need to be resolved. Your task is to identify and fix the bug(s) to ensure the code works as expected.\n\n---\n\n#### Input\n\nThe input will be a single integer `X` that needs to be checked against the tuple.\n\n---\n\n#### Output\n\nPrint `\"Element found\"` if `X` is present in the tuple, otherwise print `\"Element not found\"`.\n\n---\n\n#### Explanation\n\nIf `X=30`, then the output should be:\n\n```\nElement found\n```\n\nThe given element is present in the tuple.",
        "short_text": "Tuple Search-1",
        "question_type": "CODING",
        "question_key": "python_4256",
        "skills": [],
        "question_format": "CODING_PRACTICE",
        "content_type": "MARKDOWN",
        "difficulty": "",
        "remarks": "",
        "scores_updated": true,
        "scores_computed": 15,
        "question_asked_by_companies_info": [],
        "test_case_evaluation_metrics": [
            {
                "language": "PYTHON",
                "time_limit_to_execute_in_seconds": 10.0
            }
        ],
        "solutions": [
            {
                "order": 1,
                "title": {
                    "content": "Code",
                    "content_type": "TEXT"
                },
                "description": {
                    "content": "",
                    "content_type": ""
                },
                "code_details": [
                    {
                        "code_content": "tuple_values = (10, 20, 30, 40, 50, 60, 70, 80, 90, 100)\n\n\nx = int(input())  \nif x in tuple_values:\n    print(\"Element found\")\nelse:\n    print(\"Element not found\")",
                        "language": "PYTHON",
                        "default_code": true
                    }
                ],
                "complexity_analysis": {
                    "content": "",
                    "content_type": ""
                }
            }
        ],
        "hints": [],
        "code_metadata": [
            {
                "is_editable": true,
                "language": "PYTHON",
                "code_data": "list_values = [10, 20, 30, 40, 50, 60, 70, 80, 90, 100]\n\n",
                "default_code": true,
                "base64_encoded": false
            }
        ],
        "cpp_python_time_factor": 0,
        "question_id": "35998312-5167-4634-ac44-c7fe04f9ebc8",
        "order_no": 100,
        "tag_names": [
            "Tuples_01_Easy_1"
        ]
    },
    {
        "input_output": [
            {
                "input": [
                    {
                        "input": "50",
                        "output": "True",
                        "is_hidden": false,
                        "score": 1,
                        "t_id": 1
                    },
                    {
                        "input": "25",
                        "output": "False",
                        "is_hidden": false,
                        "score": 1,
                        "t_id": 2
                    },
                    {
                        "input": "10",
                        "output": "True",
                        "is_hidden": true,
                        "score": 1,
                        "t_id": 3
                    },
                    {
                        "input": "100",
                        "output": "True",
                        "is_hidden": true,
                        "score": 1,
                        "t_id": 4
                    },
                    {
                        "input": "55",
                        "output": "False",
                        "is_hidden": true,
                        "score": 3,
                        "t_id": 5
                    },
                    {
                        "input": "80",
                        "output": "True",
                        "is_hidden": true,
                        "score": 4,
                        "t_id": 6
                    },
                    {
                        "input": "0",
                        "output": "False",
                        "is_hidden": true,
                        "score": 4,
                        "t_id": 7
                    }
                ],
                "average_time_spent": 0.0,
                "order_no": 100
            }
        ],
        "question_text": "\nFor this problem, the prefilled code contains a tuple of 10 numbers.\n\nWrite a program that takes integer `X` as input and checks whether `X` is an element of a predefined tuple containing 10 numbers. If `X` is found within the tuple, the program should print `True`. If `X` is not in the tuple, print `False`.\n\n---\n\n#### Input\n\nA single line with the integer `X`, which the program should search for in the tuple.\n\n---\n\n#### Output\n\nOutput `True` if the integer `X` is an element of the tuple, otherwise output `False`.\n\n---\n\n#### Explanation\n\nSuppose `X=50`, the expected output would be:\n\n```\nTrue\n```\n\nThis indicates that the number `50` is an element of the tuple.",
        "short_text": "Tuple Search-2",
        "question_type": "CODING",
        "question_key": "python_4257",
        "skills": [],
        "question_format": "CODING_PRACTICE",
        "content_type": "MARKDOWN",
        "difficulty": "",
        "remarks": "",
        "scores_updated": true,
        "scores_computed": 15,
        "question_asked_by_companies_info": [],
        "test_case_evaluation_metrics": [
            {
                "language": "PYTHON",
                "time_limit_to_execute_in_seconds": 10.0
            }
        ],
        "solutions": [
            {
                "order": 1,
                "title": {
                    "content": "Code",
                    "content_type": "TEXT"
                },
                "description": {
                    "content": "",
                    "content_type": ""
                },
                "code_details": [
                    {
                        "code_content": "tuple_values = (10, 20, 30, 40, 50, 60, 70, 80, 90, 100)\n\n# Write your code here:\nx = int(input()) \nprint(x in tuple_values)",
                        "language": "PYTHON",
                        "default_code": true
                    }
                ],
                "complexity_analysis": {
                    "content": "",
                    "content_type": ""
                }
            }
        ],
        "hints": [],
        "code_metadata": [
            {
                "is_editable": true,
                "language": "PYTHON",
                "code_data": "tuple_values = (10, 20, 30, 40, 50, 60, 70, 80, 90, 100)\n\n# Write your code here:",
                "default_code": true,
                "base64_encoded": false
            }
        ],
        "cpp_python_time_factor": 0,
        "question_id": "13e44ff0-6597-4f82-89b2-5a5776c77351",
        "order_no": 100,
        "tag_names": [
            "Tuples_01_Easy_1"
        ]
    },
    {
        "input_output": [
            {
                "input": [
                    {
                        "input": "25",
                        "output": "False",
                        "is_hidden": false,
                        "score": 1,
                        "t_id": 1
                    },
                    {
                        "input": "55",
                        "output": "False",
                        "is_hidden": false,
                        "score": 1,
                        "t_id": 2
                    },
                    {
                        "input": "10",
                        "output": "True",
                        "is_hidden": true,
                        "score": 1,
                        "t_id": 3
                    },
                    {
                        "input": "70",
                        "output": "True",
                        "is_hidden": true,
                        "score": 2,
                        "t_id": 4
                    },
                    {
                        "input": "85",
                        "output": "False",
                        "is_hidden": true,
                        "score": 2,
                        "t_id": 5
                    },
                    {
                        "input": "100",
                        "output": "True",
                        "is_hidden": true,
                        "score": 4,
                        "t_id": 6
                    },
                    {
                        "input": "0",
                        "output": "False",
                        "is_hidden": true,
                        "score": 4,
                        "t_id": 7
                    }
                ],
                "average_time_spent": 0.0,
                "order_no": 100
            }
        ],
        "question_text": "\nFor this problem, the prefilled code contains a tuple of 10 numbers.\n\nWrite a program that takes integer `X` as input and checks whether `X` is an element of the given tuple. The program should output `True` if `X` is found in the tuple, and `False` otherwise.\n\n\n---\n\n#### Input\n\nA single line containing the integer `X`, which needs to be checked against the tuple.\n\n---\n\n#### Output\n\nOutput `True` if the integer `X` is present in the tuple, otherwise output `False`.\n\n---\n\n#### Explanation\n\nInput:\n\n```\n25\n```\n\nOutput:\n\n```\nFalse\n```\n\nThe integer `25` is not present in the tuple, so the output is `False`.",
        "short_text": "Tuple Search-3",
        "question_type": "CODING",
        "question_key": "python_4258",
        "skills": [],
        "question_format": "CODING_PRACTICE",
        "content_type": "MARKDOWN",
        "difficulty": "",
        "remarks": "",
        "scores_updated": true,
        "scores_computed": 15,
        "question_asked_by_companies_info": [],
        "test_case_evaluation_metrics": [
            {
                "language": "PYTHON",
                "time_limit_to_execute_in_seconds": 10.0
            }
        ],
        "solutions": [
            {
                "order": 1,
                "title": {
                    "content": "Code",
                    "content_type": "TEXT"
                },
                "description": {
                    "content": "",
                    "content_type": ""
                },
                "code_details": [
                    {
                        "code_content": "tuple_values = (10, 20, 30, 40, 50, 60, 70, 80, 90, 100)\n\n\nx = int(input()) \nif x in tuple_values:\n    print(True)\nelse:\n    print(False)",
                        "language": "PYTHON",
                        "default_code": true
                    }
                ],
                "complexity_analysis": {
                    "content": "",
                    "content_type": ""
                }
            }
        ],
        "hints": [],
        "code_metadata": [
            {
                "is_editable": true,
                "language": "PYTHON",
                "code_data": "tuple_values = (10, 20, 30, 40, 50, 60, 70, 80, 90, 100)\n\n# Write your code here:",
                "default_code": true,
                "base64_encoded": false
            }
        ],
        "cpp_python_time_factor": 0,
        "question_id": "9d2642ca-921a-4c08-95f5-386654855724",
        "order_no": 100,
        "tag_names": [
            "Tuples_01_Easy_1"
        ]
    },
    {
        "input_output": [
            {
                "input": [
                    {
                        "input": "50",
                        "output": "4",
                        "is_hidden": false,
                        "score": 1,
                        "t_id": 1
                    },
                    {
                        "input": "25",
                        "output": "-1",
                        "is_hidden": false,
                        "score": 1,
                        "t_id": 2
                    },
                    {
                        "input": "110",
                        "output": "-1",
                        "is_hidden": true,
                        "score": 3,
                        "t_id": 3
                    },
                    {
                        "input": "60",
                        "output": "5",
                        "is_hidden": true,
                        "score": 5,
                        "t_id": 4
                    },
                    {
                        "input": "10",
                        "output": "0",
                        "is_hidden": true,
                        "score": 5,
                        "t_id": 5
                    }
                ],
                "average_time_spent": 0.0,
                "order_no": 100
            }
        ],
        "question_text": "For this problem, the prefilled code contains a tuple of 10 numbers.\n\n\nYour task is to write a program that reads an integer `X` as input and prints the index of `X` in the tuple if it is present. If `X` is not present in the tuple, print `-1`.\n\n---\n\n#### Input\n\n  The first line contains the integer `X` to find in the tuple.\n\n---\n\n#### Output\n\n  Print the index of `X` in the tuple if it is present; otherwise, print `-1`.\n\n---\n\n#### Explanation\n\nInput:\n\n```\n50\n```\n\nOutput:\n\n```\n4\n```\n\nThe element `50` is present at index `4` in the tuple.\n\nInput:\n\n```\n25\n```\n\nOutput:\n\n```\n-1\n```\n\nThe element `25` is not present in the tuple, so the output is `-1`.",
        "short_text": "Tuple Search-4",
        "question_type": "CODING",
        "question_key": "python_4259",
        "skills": [],
        "question_format": "CODING_PRACTICE",
        "content_type": "MARKDOWN",
        "difficulty": "",
        "remarks": "",
        "scores_updated": true,
        "scores_computed": 15,
        "question_asked_by_companies_info": [],
        "test_case_evaluation_metrics": [
            {
                "language": "PYTHON",
                "time_limit_to_execute_in_seconds": 10.0
            }
        ],
        "solutions": [
            {
                "order": 1,
                "title": {
                    "content": "Code",
                    "content_type": "TEXT"
                },
                "description": {
                    "content": "",
                    "content_type": ""
                },
                "code_details": [
                    {
                        "code_content": "tuple_values = (10, 20, 30, 40, 50, 60, 70, 80, 90, 100)\n\nx = int(input())\nfound_index = -1\n\nfor i in range(len(tuple_values)):\n    if tuple_values[i] == x:\n        found_index = i\n        break\n\nprint(found_index)\n",
                        "language": "PYTHON",
                        "default_code": true
                    }
                ],
                "complexity_analysis": {
                    "content": "",
                    "content_type": ""
                }
            }
        ],
        "hints": [],
        "code_metadata": [
            {
                "is_editable": true,
                "language": "PYTHON",
                "code_data": "tuple_values = (10, 20, 30, 40, 50, 60, 70, 80, 90, 100)\n\n# Write your code here:",
                "default_code": true,
                "base64_encoded": false
            }
        ],
        "cpp_python_time_factor": 0,
        "question_id": "00e2987b-973e-42c1-9574-fdc3788f7984",
        "order_no": 100,
        "tag_names": [
            "Tuples_01_Easy_1"
        ]
    },
    {
        "input_output": [
            {
                "input": [
                    {
                        "input": "50\n",
                        "output": "False",
                        "is_hidden": false,
                        "score": 1,
                        "t_id": 1
                    },
                    {
                        "input": "25\n",
                        "output": "False",
                        "is_hidden": false,
                        "score": 1,
                        "t_id": 2
                    },
                    {
                        "input": "10\n",
                        "output": "False",
                        "is_hidden": true,
                        "score": 1,
                        "t_id": 3
                    },
                    {
                        "input": "100\n",
                        "output": "False",
                        "is_hidden": true,
                        "score": 2,
                        "t_id": 4
                    },
                    {
                        "input": "55\n",
                        "output": "False",
                        "is_hidden": true,
                        "score": 2,
                        "t_id": 5
                    },
                    {
                        "input": "80\n",
                        "output": "False",
                        "is_hidden": true,
                        "score": 2,
                        "t_id": 6
                    },
                    {
                        "input": "1\n",
                        "output": "False",
                        "is_hidden": true,
                        "score": 3,
                        "t_id": 7
                    },
                    {
                        "input": "70\n",
                        "output": "False",
                        "is_hidden": true,
                        "score": 3,
                        "t_id": 8
                    }
                ],
                "average_time_spent": 0.0,
                "order_no": 100
            }
        ],
        "question_text": "\nThe given program has a tuple of 10 numbers. \nIt will take an integer `X` as input and check if `X` is present in the tuple. If `X` is found within the tuple, the program should print `True` otherwise, it should print `False`. \n\nHowever, there may be one or more bugs in the prefilled code provided that need to be resolved. Your task is to identify and fix the bug(s) to ensure the code works as expected.\n\n---\n\n#### Input\n\n  The first line contains the value `X` to check.\n\n---\n\n#### Output\n\n Print `True` if `X` is present in the tuple, otherwise `False`.\n\n---\n\n#### Explanation\n\nIf `X=50`, then the output should be:\n\n```\nTrue\n```\n\nThe element is present in the tuple.",
        "short_text": "Tuple Search-5",
        "question_type": "CODING",
        "question_key": "python_4260",
        "skills": [],
        "question_format": "CODING_PRACTICE",
        "content_type": "MARKDOWN",
        "difficulty": "",
        "remarks": "",
        "scores_updated": true,
        "scores_computed": 15,
        "question_asked_by_companies_info": [],
        "test_case_evaluation_metrics": [
            {
                "language": "PYTHON",
                "time_limit_to_execute_in_seconds": 10.0
            }
        ],
        "solutions": [
            {
                "order": 1,
                "title": {
                    "content": "Code",
                    "content_type": "TEXT"
                },
                "description": {
                    "content": "",
                    "content_type": ""
                },
                "code_details": [
                    {
                        "code_content": "tuple_values = (10, 20, 30, 40, 50, 60, 70, 80, 90, 100)\n\nx = input() \nif x in tuple_values:\n    print('True')\nelse:\n    print('False')",
                        "language": "PYTHON",
                        "default_code": true
                    }
                ],
                "complexity_analysis": {
                    "content": "",
                    "content_type": ""
                }
            }
        ],
        "hints": [],
        "code_metadata": [
            {
                "is_editable": true,
                "language": "PYTHON",
                "code_data": "tuple_values = (10, 20, 30, 40, 50, 60, 70, 80, 90, 100)\n\nx = int(input()) \nif x in x:\n    print('Trues')\nelse:\n    print('Falses')",
                "default_code": true,
                "base64_encoded": false
            }
        ],
        "cpp_python_time_factor": 0,
        "question_id": "cd5abbae-7608-4daa-b6ea-3752aef930f1",
        "order_no": 100,
        "tag_names": [
            "Tuples_01_Easy_1"
        ]
    }
]