[
  {
    "question_id": "0296f104-ce3a-4a24-bf2d-c1a857c9dcf6",
    "question_key": "CQ001",
    "skills": [],
    "toughness": "EASY",
    "question_type": "MULTIPLE_CHOICE",
    "question": {
      "content": "Which symbol is used to denote a CSS class selector?",
      "content_type": "MARKDOWN",
      "tag_names": [
        "CQ001",
        "REMEMBER",
        "CSS - Selectors",
        "identifying_css_class_selector_syntax",
        "CSS"
      ],
      "multimedia": []
    },
    "options": [
      {
        "content": "`.`",
        "content_type": "MARKDOWN",
        "is_correct": true,
        "multimedia": []
      },
      {
        "content": "`#`",
        "content_type": "MARKDOWN",
        "is_correct": false,
        "multimedia": []
      },
      {
        "content": "`:`",
        "content_type": "MARKDOWN",
        "is_correct": false,
        "multimedia": []
      },
      {
        "content": "` >`",
        "content_type": "MARKDOWN",
        "is_correct": false,
        "multimedia": []
      }
    ],
    "explanation_for_answer": {
      "content": "",
      "content_type": "MARKDOWN"
    }
  },
  {
    "question_id": "ddc616ad-3ac0-4709-ac99-1dcfedea4c16",
    "question_key": "CQ001_v1",
    "skills": [],
    "toughness": "EASY",
    "question_type": "MULTIPLE_CHOICE",
    "question": {
      "content": "Which symbol correctly identifies a CSS class selector?",
      "content_type": "MARKDOWN",
      "tag_names": [
        "CQ001",
        "REMEMBER",
        "CSS - Selectors",
        "identifying_css_class_selector_syntax",
        "CSS"
      ],
      "multimedia": []
    },
    "options": [
      {
        "content": "`.`",
        "content_type": "MARKDOWN",
        "is_correct": true,
        "multimedia": []
      },
      {
        "content": "`#`",
        "content_type": "MARKDOWN",
        "is_correct": false,
        "multimedia": []
      },
      {
        "content": "`:`",
        "content_type": "MARKDOWN",
        "is_correct": false,
        "multimedia": []
      },
      {
        "content": "`>`",
        "content_type": "MARKDOWN",
        "is_correct": false,
        "multimedia": []
      }
    ],
    "explanation_for_answer": {
      "content": "",
      "content_type": "MARKDOWN"
    }
  },
  {
    "question_id": "169e9e7d-dbba-4b68-99e3-1932c190fb6c",
    "question_key": "CQ001_v2",
    "skills": [],
    "toughness": "EASY",
    "question_type": "MULTIPLE_CHOICE",
    "question": {
      "content": "Select the symbol that is used to define a class selector in CSS.",
      "content_type": "MARKDOWN",
      "tag_names": [
        "CQ001",
        "REMEMBER",
        "CSS - Selectors",
        "identifying_css_class_selector_syntax",
        "CSS"
      ],
      "multimedia": []
    },
    "options": [
      {
        "content": "Dot (`.`)",
        "content_type": "MARKDOWN",
        "is_correct": true,
        "multimedia": []
      },
      {
        "content": "Hash (`#`)",
        "content_type": "MARKDOWN",
        "is_correct": false,
        "multimedia": []
      },
      {
        "content": "Colon (`:`)",
        "content_type": "MARKDOWN",
        "is_correct": false,
        "multimedia": []
      },
      {
        "content": "Angle bracket (`>`)",
        "content_type": "MARKDOWN",
        "is_correct": false,
        "multimedia": []
      }
    ],
    "explanation_for_answer": {
      "content": "In CSS, a class selector is defined using a dot (.) followed by the class name. The hash (#) is for ID selectors, the colon (:) is for pseudo-classes, and the angle bracket (>) is for child selectors.",
      "content_type": "MARKDOWN"
    }
  },
  {
    "question_id": "d39b8216-c4f2-4c5f-9911-bfe159e33325",
    "question_key": "CQ001_v3",
    "skills": [],
    "toughness": "EASY",
    "question_type": "MULTIPLE_CHOICE",
    "question": {
      "content": "In CSS, what symbol precedes a class name to create a class selector?",
      "content_type": "MARKDOWN",
      "tag_names": [
        "CQ001",
        "REMEMBER",
        "CSS - Selectors",
        "identifying_css_class_selector_syntax",
        "CSS"
      ],
      "multimedia": []
    },
    "options": [
      {
        "content": "Dot (.)",
        "content_type": "MARKDOWN",
        "is_correct": true,
        "multimedia": []
      },
      {
        "content": "Hash (#)",
        "content_type": "MARKDOWN",
        "is_correct": false,
        "multimedia": []
      },
      {
        "content": "Colon (:)",
        "content_type": "MARKDOWN",
        "is_correct": false,
        "multimedia": []
      },
      {
        "content": "Angle bracket (>)",
        "content_type": "MARKDOWN",
        "is_correct": false,
        "multimedia": []
      }
    ],
    "explanation_for_answer": {
      "content": "A class selector in CSS is created by placing a dot (.) before the class name. The hash (#) symbolizes an ID selector, the colon (:) is used for pseudo-classes, and the angle bracket (>) is for child selectors.",
      "content_type": "MARKDOWN"
    }
  },
  {
    "question_id": "531650d7-b7ff-4704-b129-d4019439b1c4",
    "question_key": "CQ001_v4",
    "skills": [],
    "toughness": "EASY",
    "question_type": "MULTIPLE_CHOICE",
    "question": {
      "content": "The symbol `#` is used to denote a CSS class selector.",
      "content_type": "MARKDOWN",
      "tag_names": [
        "CQ001",
        "REMEMBER",
        "CSS - Selectors",
        "identifying_css_class_selector_syntax",
        "CSS"
      ],
      "multimedia": []
    },
    "options": [
      {
        "content": "True",
        "content_type": "MARKDOWN",
        "is_correct": false,
        "multimedia": []
      },
      {
        "content": "False",
        "content_type": "MARKDOWN",
        "is_correct": true,
        "multimedia": []
      }
    ],
    "explanation_for_answer": {
      "content": "The statement is false. The correct symbol to denote a CSS class selector is a dot (.). The hash (#) is used for ID selectors.",
      "content_type": "MARKDOWN"
    }
  },
  {
    "question_id": "eb738de1-d05c-4139-a463-4070068ae806",
    "question_key": "CQ001_v5",
    "skills": [],
    "toughness": "EASY",
    "question_type": "MULTIPLE_CHOICE",
    "question": {
      "content": "Which of the following symbols are used in CSS to select elements with a specific class and ID respectively?",
      "content_type": "MARKDOWN",
      "tag_names": [
        "CQ001",
        "REMEMBER",
        "CSS - Selectors",
        "identifying_css_class_selector_syntax",
        "CSS"
      ],
      "multimedia": []
    },
    "options": [
      {
        "content": "Dot (.) for class, Hash (#) for ID",
        "content_type": "MARKDOWN",
        "is_correct": true,
        "multimedia": []
      },
      {
        "content": "Colon (:) for class, Dot (.) for ID",
        "content_type": "MARKDOWN",
        "is_correct": false,
        "multimedia": []
      },
      {
        "content": "Angle bracket (>) for class, Colon (:) for ID",
        "content_type": "MARKDOWN",
        "is_correct": false,
        "multimedia": []
      },
      {
        "content": "Hash (#) for class, Dot (.) for ID",
        "content_type": "MARKDOWN",
        "is_correct": false,
        "multimedia": []
      }
    ],
    "explanation_for_answer": {
      "content": "In CSS, a dot (.) is used to select elements with a specific class, and a hash (#) is used to select elements with a specific ID. The other symbols are not used for these purposes.",
      "content_type": "MARKDOWN"
    }
  },
  {
    "question_id": "a20d43de-8117-423b-a2f4-803a8857d86a",
    "question_key": "CQ002",
    "skills": [],
    "toughness": "EASY",
    "question_type": "MULTIPLE_CHOICE",
    "question": {
      "content": "Which of the following statements about ID attribute is true?",
      "content_type": "MARKDOWN",
      "tag_names": [
        "understanding_css_id_selector_usage",
        "CSS - Selectors",
        "UNDERSTAND",
        "NA\nDIFFICULTY: Medium",
        "CSS"
      ],
      "multimedia": []
    },
    "options": [
      {
        "content": "Multiple elements can share the same ID in an HTML document",
        "content_type": "MARKDOWN",
        "is_correct": false,
        "multimedia": []
      },
      {
        "content": "ID selectors are denoted by a dot (.) followed by the ID name",
        "content_type": "MARKDOWN",
        "is_correct": false,
        "multimedia": []
      },
      {
        "content": "ID values should be unique within an HTML document",
        "content_type": "MARKDOWN",
        "is_correct": true,
        "multimedia": []
      },
      {
        "content": "ID selectors are denoted by a dot (*) followed by the ID name",
        "content_type": "MARKDOWN",
        "is_correct": false,
        "multimedia": []
      }
    ],
    "explanation_for_answer": {
      "content": "",
      "content_type": "MARKDOWN"
    }
  },
  {
    "question_id": "aaf3dd81-f967-4a29-8b2c-781a9b8c627b",
    "question_key": "CQ002_v1",
    "skills": [],
    "toughness": "EASY",
    "question_type": "MULTIPLE_CHOICE",
    "question": {
      "content": "What symbol is used to denote an ID selector in CSS?",
      "content_type": "MARKDOWN",
      "tag_names": [
        "understanding_css_id_selector_usage",
        "CSS - Selectors",
        "UNDERSTAND",
        "CSS",
        "CQ002"
      ],
      "multimedia": []
    },
    "options": [
      {
        "content": "A hash (`#`) followed by the ID name",
        "content_type": "MARKDOWN",
        "is_correct": true,
        "multimedia": []
      },
      {
        "content": "A dot (`.`) followed by the ID name",
        "content_type": "MARKDOWN",
        "is_correct": false,
        "multimedia": []
      },
      {
        "content": "A star (`*`) followed by the ID name",
        "content_type": "MARKDOWN",
        "is_correct": false,
        "multimedia": []
      },
      {
        "content": "A colon (`:`) followed by the ID name",
        "content_type": "MARKDOWN",
        "is_correct": false,
        "multimedia": []
      }
    ],
    "explanation_for_answer": {
      "content": "The symbol used to denote an ID selector in CSS is a hash (#), followed by the ID name. A dot is used for class selectors, a star is not used to denote specific selectors, and a colon is used for pseudo-classes.",
      "content_type": "MARKDOWN"
    }
  },
  {
    "question_id": "3eba7c86-c4b0-4c20-8d9c-269b48b5bcec",
    "question_key": "CQ002_v2",
    "skills": [],
    "toughness": "EASY",
    "question_type": "MULTIPLE_CHOICE",
    "question": {
      "content": "In an HTML document, multiple elements can have the same ID attribute value.",
      "content_type": "MARKDOWN",
      "tag_names": [
        "understanding_css_id_selector_usage",
        "CSS - Selectors",
        "UNDERSTAND",
        "CSS",
        "CQ002"
      ],
      "multimedia": []
    },
    "options": [
      {
        "content": "True",
        "content_type": "MARKDOWN",
        "is_correct": false,
        "multimedia": []
      },
      {
        "content": "False",
        "content_type": "MARKDOWN",
        "is_correct": true,
        "multimedia": []
      }
    ],
    "explanation_for_answer": {
      "content": "In an HTML document, each ID selector should be unique and used only once. Multiple elements cannot have the same CSS ID selector.",
      "content_type": "MARKDOWN"
    }
  },
  {
    "question_id": "32e3ce56-7813-43b1-a083-06b2a7f7d74e",
    "question_key": "CQ002_v3",
    "skills": [],
    "toughness": "EASY",
    "question_type": "MULTIPLE_CHOICE",
    "question": {
      "content": "Which of the following is a correct statement about ID attribute?",
      "content_type": "MARKDOWN",
      "tag_names": [
        "understanding_css_id_selector_usage",
        "CSS - Selectors",
        "UNDERSTAND",
        "CSS",
        "CQ002"
      ],
      "multimedia": []
    },
    "options": [
      {
        "content": "Same ID values can be used multiple times within the same HTML document",
        "content_type": "MARKDOWN",
        "is_correct": false,
        "multimedia": []
      },
      {
        "content": "ID selectors are represented by a dot (.) symbol",
        "content_type": "MARKDOWN",
        "is_correct": false,
        "multimedia": []
      },
      {
        "content": "ID values must be unique within the HTML document",
        "content_type": "MARKDOWN",
        "is_correct": true,
        "multimedia": []
      },
      {
        "content": "ID selectors are represented by a star (*) symbol",
        "content_type": "MARKDOWN",
        "is_correct": false,
        "multimedia": []
      }
    ],
    "explanation_for_answer": {
      "content": "ID values must be unique within the HTML document, meaning each ID can only be used once per page. They are represented by a hash (#) symbol, not a dot or a star.",
      "content_type": "MARKDOWN"
    }
  },
  {
    "question_id": "26830de7-5896-4eed-8348-0d5e136d2c49",
    "question_key": "CQ002_v4",
    "skills": [],
    "toughness": "EASY",
    "question_type": "MULTIPLE_CHOICE",
    "question": {
      "content": "Select the true statements regarding CSS ID selectors.",
      "content_type": "MARKDOWN",
      "tag_names": [
        "understanding_css_id_selector_usage",
        "CSS - Selectors",
        "UNDERSTAND",
        "CSS",
        "CQ002"
      ],
      "multimedia": []
    },
    "options": [
      {
        "content": "ID selectors are denoted by a hash (#) and ID values must be unique within an HTML document",
        "content_type": "MARKDOWN",
        "is_correct": true,
        "multimedia": []
      },
      {
        "content": "ID selectors are denoted by a dot (.) and ID values can be repeated within an HTML document",
        "content_type": "MARKDOWN",
        "is_correct": false,
        "multimedia": []
      },
      {
        "content": "ID selectors are denoted by a star (*) and ID values must be unique within an HTML document",
        "content_type": "MARKDOWN",
        "is_correct": false,
        "multimedia": []
      },
      {
        "content": "ID selectors are denoted by a hash (#) and ID values can be repeated within an HTML document",
        "content_type": "MARKDOWN",
        "is_correct": false,
        "multimedia": []
      }
    ],
    "explanation_for_answer": {
      "content": "ID selectors are correctly denoted by a hash (#) and must be unique within an HTML document. They cannot be repeated and are not denoted by a dot (.) or a star (*).",
      "content_type": "MARKDOWN"
    }
  },
  {
    "question_id": "6bc413d0-8468-42dc-b448-713715da7923",
    "question_key": "CQ002_v5",
    "skills": [],
    "toughness": "EASY",
    "question_type": "MULTIPLE_CHOICE",
    "question": {
      "content": "Which of the following options correctly describes the use of ID selectors in CSS?",
      "content_type": "MARKDOWN",
      "tag_names": [
        "understanding_css_id_selector_usage",
        "CSS - Selectors",
        "UNDERSTAND",
        "CSS",
        "CQ002"
      ],
      "multimedia": []
    },
    "options": [
      {
        "content": "ID selectors are used to style multiple elements with the same ID",
        "content_type": "MARKDOWN",
        "is_correct": false,
        "multimedia": []
      },
      {
        "content": "ID selectors are prefixed with a dot (.)",
        "content_type": "MARKDOWN",
        "is_correct": false,
        "multimedia": []
      },
      {
        "content": "ID selectors are prefixed with a hash (#)",
        "content_type": "MARKDOWN",
        "is_correct": true,
        "multimedia": []
      },
      {
        "content": "ID selectors are prefixed with a star (*)",
        "content_type": "MARKDOWN",
        "is_correct": false,
        "multimedia": []
      }
    ],
    "explanation_for_answer": {
      "content": "ID selectors are prefixed with a hash (#) and should be unique for each element in an HTML document. They are not prefixed with a dot (.), which is used for class selectors, nor a star (*), which is the universal selector in CSS.",
      "content_type": "MARKDOWN"
    }
  },
  {
    "question_id": "40106d64-4d8d-45a8-8e4b-a58e0bd83338",
    "question_key": "CQ002_v7",
    "skills": [],
    "toughness": "EASY",
    "question_type": "MULTIPLE_CHOICE",
    "question": {
      "content": "In CSS, an ID selector is represented by a hash (#) symbol followed by the ID value, and each ID must be unique within an HTML document.",
      "content_type": "MARKDOWN",
      "tag_names": [
        "understanding_css_id_selector_usage",
        "CSS - Selectors",
        "UNDERSTAND",
        "CSS",
        "CQ002"
      ],
      "multimedia": []
    },
    "options": [
      {
        "content": "True",
        "content_type": "MARKDOWN",
        "is_correct": true,
        "multimedia": []
      },
      {
        "content": "False",
        "content_type": "MARKDOWN",
        "is_correct": false,
        "multimedia": []
      }
    ],
    "explanation_for_answer": {
      "content": "In CSS, an ID selector is used to select a single, unique element, and it is represented by a hash (#) symbol followed by the ID value. Each ID must be unique within the HTML document.",
      "content_type": "MARKDOWN"
    }
  },
  {
    "question_id": "5a4534be-85d7-4d73-835b-cb8db37d3a83",
    "question_key": "CQ002_v8",
    "skills": [],
    "toughness": "EASY",
    "question_type": "MULTIPLE_CHOICE",
    "question": {
      "content": "Analyze the code snippet and select the correct statement about ID attribute.",
      "content_type": "MARKDOWN",
      "tag_names": [
        "understanding_css_id_selector_usage",
        "CSS - Selectors",
        "UNDERSTAND",
        "CSS",
        "CQ002"
      ],
      "multimedia": []
    },
    "options": [
      {
        "content": "Multiple elements can share the same ID in an HTML document.",
        "content_type": "MARKDOWN",
        "is_correct": false,
        "multimedia": []
      },
      {
        "content": "ID selectors are denoted by a dot (.) followed by the ID name.",
        "content_type": "MARKDOWN",
        "is_correct": false,
        "multimedia": []
      },
      {
        "content": "ID value should be unique within an HTML document.",
        "content_type": "MARKDOWN",
        "is_correct": true,
        "multimedia": []
      },
      {
        "content": "ID selectors are denoted by a dot (*) followed by the ID name.",
        "content_type": "MARKDOWN",
        "is_correct": false,
        "multimedia": []
      }
    ],
    "explanation_for_answer": {
      "content": "ID selectors are used to select a single, unique element within an HTML document, and they are denoted by a hash (#) symbol followed by the ID value.",
      "content_type": "MARKDOWN"
    }
  },
  {
    "question_id": "9901b6ac-4e90-415b-b505-ffa587ccbb23",
    "question_key": "CQ002_v10",
    "skills": [],
    "toughness": "EASY",
    "question_type": "MULTIPLE_CHOICE",
    "question": {
      "content": "which of the following is a correct usage of ID attribute?",
      "content_type": "MARKDOWN",
      "tag_names": [
        "understanding_css_id_selector_usage",
        "CSS - Selectors",
        "UNDERSTAND",
        "CSS",
        "CQ002"
      ],
      "multimedia": []
    },
    "options": [
      {
        "content": "ID values can be used to style multiple elements with the same ID.",
        "content_type": "MARKDOWN",
        "is_correct": false,
        "multimedia": []
      },
      {
        "content": "ID selectors are denoted by a hash (#) symbol and should be unique within an HTML document.",
        "content_type": "MARKDOWN",
        "is_correct": true,
        "multimedia": []
      },
      {
        "content": "ID selectors are denoted by a dot (.) symbol and can be repeated.",
        "content_type": "MARKDOWN",
        "is_correct": false,
        "multimedia": []
      },
      {
        "content": "ID selectors are denoted by an asterisk (*) symbol and are used to select all elements.",
        "content_type": "MARKDOWN",
        "is_correct": false,
        "multimedia": []
      }
    ],
    "explanation_for_answer": {
      "content": "ID selectors are denoted by a hash (#) symbol and are used to apply styles to a single, unique element within an HTML document.",
      "content_type": "MARKDOWN"
    }
  },
  {
    "question_id": "fdfac312-7ab9-443c-9a15-bd709f64b044",
    "question_key": "CQ003_v2",
    "skills": [],
    "toughness": "EASY",
    "question_type": "MULTIPLE_CHOICE",
    "question": {
      "content": "Select the correct CSS selector for an element with the class name `highlight`.",
      "content_type": "MARKDOWN",
      "tag_names": [
        "CQ003",
        "APPLY",
        "CSS - Selectors",
        "applying_combined_css_selectors",
        "CSS"
      ],
      "multimedia": []
    },
    "options": [
      {
        "content": "`highlight`",
        "content_type": "MARKDOWN",
        "is_correct": false,
        "multimedia": []
      },
      {
        "content": "`#highlight`",
        "content_type": "MARKDOWN",
        "is_correct": false,
        "multimedia": []
      },
      {
        "content": "`*.highlight`",
        "content_type": "MARKDOWN",
        "is_correct": false,
        "multimedia": []
      },
      {
        "content": "`.highlight`",
        "content_type": "MARKDOWN",
        "is_correct": true,
        "multimedia": []
      }
    ],
    "explanation_for_answer": {
      "content": "The correct CSS selector for an element with the class name `highlight` is `.highlight`. The '.' indicates that it is a class selector. The other options are incorrect because they either lack the class selector syntax, use an ID selector syntax, or use an unnecessary universal selector with a class.",
      "content_type": "MARKDOWN"
    }
  },
  {
    "question_id": "8bff7b84-9af4-4e43-9561-fc504071db0f",
    "question_key": "CQ003_v3",
    "skills": [],
    "toughness": "EASY",
    "question_type": "MULTIPLE_CHOICE",
    "question": {
      "content": "The CSS selector `.highlight` can be used to select all elements with the class `highlight`.",
      "content_type": "MARKDOWN",
      "tag_names": [
        "CQ003",
        "APPLY",
        "CSS - Selectors",
        "applying_combined_css_selectors",
        "CSS"
      ],
      "multimedia": []
    },
    "options": [
      {
        "content": "True",
        "content_type": "MARKDOWN",
        "is_correct": true,
        "multimedia": []
      },
      {
        "content": "False",
        "content_type": "MARKDOWN",
        "is_correct": false,
        "multimedia": []
      }
    ],
    "explanation_for_answer": {
      "content": "True, the CSS selector `.highlight` is used to select all elements with the class `highlight`, regardless of their type.",
      "content_type": "MARKDOWN"
    }
  },
  {
    "question_id": "f16d3187-e11a-4e30-a49f-640d99e491c7",
    "question_key": "CQ003_v4",
    "skills": [],
    "toughness": "EASY",
    "question_type": "MULTIPLE_CHOICE",
    "question": {
      "content": "What symbol is used to select elements by their class attribute in CSS?",
      "content_type": "MARKDOWN",
      "tag_names": [
        "CQ003",
        "APPLY",
        "CSS - Selectors",
        "applying_combined_css_selectors",
        "CSS"
      ],
      "multimedia": []
    },
    "options": [
      {
        "content": "`#`",
        "content_type": "MARKDOWN",
        "is_correct": false,
        "multimedia": []
      },
      {
        "content": "`.`",
        "content_type": "MARKDOWN",
        "is_correct": true,
        "multimedia": []
      },
      {
        "content": "`*`",
        "content_type": "MARKDOWN",
        "is_correct": false,
        "multimedia": []
      },
      {
        "content": "None of the given options",
        "content_type": "MARKDOWN",
        "is_correct": false,
        "multimedia": []
      }
    ],
    "explanation_for_answer": {
      "content": "The '.' prefix is used in CSS to select elements with a specific class attribute. The '#' prefix is for ID selectors, '*' is the universal selector, and 'None of the given options' is not applicable here.",
      "content_type": "MARKDOWN"
    }
  },
  {
    "question_id": "e6e129bc-d0f6-448c-bab1-56652c59b529",
    "question_key": "CQ003_v6",
    "skills": [],
    "toughness": "EASY",
    "question_type": "MULTIPLE_CHOICE",
    "question": {
      "content": "If you want to style a paragraph element with the class `highlight` to have blue text, which CSS rule should you use?",
      "content_type": "MARKDOWN",
      "tag_names": [
        "CQ003",
        "APPLY",
        "CSS - Selectors",
        "applying_combined_css_selectors",
        "CSS"
      ],
      "multimedia": []
    },
    "options": [
      {
        "content": "```css\n*highlight { \n  color: blue; \n}\n```",
        "content_type": "MARKDOWN",
        "is_correct": false,
        "multimedia": []
      },
      {
        "content": "```css\nhighlight { \n  color: blue; \n}\n```",
        "content_type": "MARKDOWN",
        "is_correct": false,
        "multimedia": []
      },
      {
        "content": "```css\n.highlight {\n   color: blue; \n}\n```",
        "content_type": "MARKDOWN",
        "is_correct": true,
        "multimedia": []
      },
      {
        "content": "```css\n#highlight { \n  color: blue; \n}\n```",
        "content_type": "MARKDOWN",
        "is_correct": false,
        "multimedia": []
      }
    ],
    "explanation_for_answer": {
      "content": "",
      "content_type": "MARKDOWN"
    }
  },
  {
    "question_id": "5c4eccf3-bae7-4d8f-ae13-1c9e11dd6879",
    "question_key": "CQ004",
    "skills": [],
    "toughness": "EASY",
    "question_type": "MULTIPLE_CHOICE",
    "question": {
      "content": "What is the purpose of a CSS type selector?",
      "content_type": "MARKDOWN",
      "tag_names": [
        "understanding_css_type_selectors",
        "CQ004",
        "UNDERSTANDING",
        "CSS - Selectors",
        "CSS"
      ],
      "multimedia": []
    },
    "options": [
      {
        "content": "To select elements based on their class attribute",
        "content_type": "MARKDOWN",
        "is_correct": false,
        "multimedia": []
      },
      {
        "content": "To select elements based on their ID attribute",
        "content_type": "MARKDOWN",
        "is_correct": false,
        "multimedia": []
      },
      {
        "content": "To select elements based on their tag name",
        "content_type": "MARKDOWN",
        "is_correct": true,
        "multimedia": []
      },
      {
        "content": "None of the given options",
        "content_type": "MARKDOWN",
        "is_correct": false,
        "multimedia": []
      }
    ],
    "explanation_for_answer": {
      "content": "",
      "content_type": "MARKDOWN"
    }
  },
  {
    "question_id": "2fef36f0-9560-4051-86d2-bfbfc8e8beb2",
    "question_key": "CQ004_v1",
    "skills": [],
    "toughness": "EASY",
    "question_type": "MULTIPLE_CHOICE",
    "question": {
      "content": "Which CSS selector is used to target HTML elements by their tag name?",
      "content_type": "MARKDOWN",
      "tag_names": [
        "understanding_css_type_selectors",
        "CQ004",
        "CSS - Selectors",
        "UNDERSTAND",
        "CSS"
      ],
      "multimedia": []
    },
    "options": [
      {
        "content": "Class selector",
        "content_type": "MARKDOWN",
        "is_correct": false,
        "multimedia": []
      },
      {
        "content": "ID selector",
        "content_type": "MARKDOWN",
        "is_correct": false,
        "multimedia": []
      },
      {
        "content": "Type selector",
        "content_type": "MARKDOWN",
        "is_correct": true,
        "multimedia": []
      },
      {
        "content": "All the given options",
        "content_type": "MARKDOWN",
        "is_correct": false,
        "multimedia": []
      }
    ],
    "explanation_for_answer": {
      "content": "The type selector is used to select HTML elements by their tag name. Class selectors target elements with a specific class, ID selectors target elements with a specific ID, and descendant selectors target elements that are descendants of a specified element.",
      "content_type": "MARKDOWN"
    }
  },
  {
    "question_id": "86ba10e5-28a7-488f-b3ef-ecf55d33ac55",
    "question_key": "CQ004_v2",
    "skills": [],
    "toughness": "EASY",
    "question_type": "MULTIPLE_CHOICE",
    "question": {
      "content": "Select the correct statement about the CSS type(tag) selector.",
      "content_type": "MARKDOWN",
      "tag_names": [
        "understanding_css_type_selectors",
        "CQ004",
        "CSS - Selectors",
        "UNDERSTAND",
        "CSS"
      ],
      "multimedia": []
    },
    "options": [
      {
        "content": "It selects elements based on their class attribute.",
        "content_type": "MARKDOWN",
        "is_correct": false,
        "multimedia": []
      },
      {
        "content": "It selects elements based on their ID attribute.",
        "content_type": "MARKDOWN",
        "is_correct": false,
        "multimedia": []
      },
      {
        "content": "It selects elements based on their tag name.",
        "content_type": "MARKDOWN",
        "is_correct": true,
        "multimedia": []
      },
      {
        "content": "All the given options",
        "content_type": "MARKDOWN",
        "is_correct": false,
        "multimedia": []
      }
    ],
    "explanation_for_answer": {
      "content": "The CSS type selector selects elements based on their tag name, not their class, ID, or position in the DOM.",
      "content_type": "MARKDOWN"
    }
  },
  {
    "question_id": "c79327ff-b4b1-4877-a579-2d290a902660",
    "question_key": "CQ004_v3",
    "skills": [],
    "toughness": "EASY",
    "question_type": "MULTIPLE_CHOICE",
    "question": {
      "content": "What does a CSS type selector target in an HTML document?",
      "content_type": "MARKDOWN",
      "tag_names": [
        "understanding_css_type_selectors",
        "CQ004",
        "CSS - Selectors",
        "UNDERSTAND",
        "CSS"
      ],
      "multimedia": []
    },
    "options": [
      {
        "content": "Elements with a specific class attribute value.",
        "content_type": "MARKDOWN",
        "is_correct": false,
        "multimedia": []
      },
      {
        "content": "Elements with a specific ID attribute value.",
        "content_type": "MARKDOWN",
        "is_correct": false,
        "multimedia": []
      },
      {
        "content": "Elements with a specific tag name.",
        "content_type": "MARKDOWN",
        "is_correct": true,
        "multimedia": []
      },
      {
        "content": "All the given options",
        "content_type": "MARKDOWN",
        "is_correct": false,
        "multimedia": []
      }
    ],
    "explanation_for_answer": {
      "content": "A CSS type selector targets all elements of a specific tag within an HTML document. It does not target elements based on class, ID, or their position within a parent element.",
      "content_type": "MARKDOWN"
    }
  },
  {
    "question_id": "6105e6d3-725d-47c6-b49f-790cf18d8a6e",
    "question_key": "CQ004_v4",
    "skills": [],
    "toughness": "EASY",
    "question_type": "MULTIPLE_CHOICE",
    "question": {
      "content": "In CSS, what is the function of the type selector?",
      "content_type": "MARKDOWN",
      "tag_names": [
        "understanding_css_type_selectors",
        "CQ004",
        "CSS - Selectors",
        "UNDERSTAND",
        "CSS"
      ],
      "multimedia": []
    },
    "options": [
      {
        "content": "To style a specific element with a unique ID.",
        "content_type": "MARKDOWN",
        "is_correct": false,
        "multimedia": []
      },
      {
        "content": "To style all elements that share the same class.",
        "content_type": "MARKDOWN",
        "is_correct": false,
        "multimedia": []
      },
      {
        "content": "To style all elements of a particular tag.",
        "content_type": "MARKDOWN",
        "is_correct": true,
        "multimedia": []
      },
      {
        "content": "None of the given options",
        "content_type": "MARKDOWN",
        "is_correct": false,
        "multimedia": []
      }
    ],
    "explanation_for_answer": {
      "content": "The function of the CSS type selector is to style all elements of a particular tag. It does not target elements based on ID, class, or other attributes.",
      "content_type": "MARKDOWN"
    }
  },
  {
    "question_id": "8d3fce27-762c-487b-a4a1-d53c54c888c2",
    "question_key": "CQ004_v5",
    "skills": [],
    "toughness": "EASY",
    "question_type": "MULTIPLE_CHOICE",
    "question": {
      "content": "Which of the following is true regarding the CSS type selector?",
      "content_type": "MARKDOWN",
      "tag_names": [
        "understanding_css_type_selectors",
        "CQ004",
        "CSS - Selectors",
        "UNDERSTAND",
        "CSS"
      ],
      "multimedia": []
    },
    "options": [
      {
        "content": "It is used to select elements with a specific class.",
        "content_type": "MARKDOWN",
        "is_correct": false,
        "multimedia": []
      },
      {
        "content": "It is used to select elements with a specific ID.",
        "content_type": "MARKDOWN",
        "is_correct": false,
        "multimedia": []
      },
      {
        "content": "It is used to select all elements of a specific tag.",
        "content_type": "MARKDOWN",
        "is_correct": true,
        "multimedia": []
      },
      {
        "content": "None of the given options",
        "content_type": "MARKDOWN",
        "is_correct": false,
        "multimedia": []
      }
    ],
    "explanation_for_answer": {
      "content": "The CSS type selector is used to select all elements of a specific tag within an HTML document. It does not target elements based on class, ID, or parent-child relationships.",
      "content_type": "MARKDOWN"
    }
  },
  {
    "question_id": "60ebb67e-e34b-429b-aaaa-191c90b5c9a8",
    "question_key": "CQ005",
    "skills": [],
    "toughness": "EASY",
    "question_type": "MULTIPLE_CHOICE",
    "question": {
      "content": "In CSS, what is the main difference between class selectors and ID selectors?",
      "content_type": "MARKDOWN",
      "tag_names": [
        "understanding_class_and_id_selectors",
        "CSS - Selectors",
        "CQ005",
        "UNDERSTAND",
        "CSS"
      ],
      "multimedia": []
    },
    "options": [
      {
        "content": "Class selectors use a dot (.) while ID selectors use a hash (#)",
        "content_type": "MARKDOWN",
        "is_correct": false,
        "multimedia": []
      },
      {
        "content": "Class values can be used multiple times in a document, while ID values should be unique",
        "content_type": "MARKDOWN",
        "is_correct": false,
        "multimedia": []
      },
      {
        "content": "Both the given options",
        "content_type": "MARKDOWN",
        "is_correct": true,
        "multimedia": []
      }
    ],
    "explanation_for_answer": {
      "content": "",
      "content_type": "MARKDOWN"
    }
  },
  {
    "question_id": "57e5e1d2-0658-4f58-bf8c-113e0fb30350",
    "question_key": "CQ005_v1",
    "skills": [],
    "toughness": "EASY",
    "question_type": "MULTIPLE_CHOICE",
    "question": {
      "content": "In CSS, a class selector is identified by a dot (`.`) prefix and can be applied to multiple elements within the same HTML document.",
      "content_type": "MARKDOWN",
      "tag_names": [
        "understanding_class_and_id_selectors",
        "CSS - Selectors",
        "CQ005",
        "UNDERSTAND",
        "CSS"
      ],
      "multimedia": []
    },
    "options": [
      {
        "content": "True",
        "content_type": "MARKDOWN",
        "is_correct": true,
        "multimedia": []
      },
      {
        "content": "False",
        "content_type": "MARKDOWN",
        "is_correct": false,
        "multimedia": []
      }
    ],
    "explanation_for_answer": {
      "content": "In CSS, class selectors are indeed identified by a dot (`.`) prefix and are designed to be reusable, allowing the same styles to be applied to multiple elements within the same HTML document.",
      "content_type": "MARKDOWN"
    }
  },
  {
    "question_id": "1fe21700-2812-4b35-8845-6f8b121f46c8",
    "question_key": "CQ005_v2",
    "skills": [],
    "toughness": "EASY",
    "question_type": "MORE_THAN_ONE_MULTIPLE_CHOICE",
    "question": {
      "content": "Select the correct statement(s) regarding CSS selectors.",
      "content_type": "MARKDOWN",
      "tag_names": [
        "understanding_class_and_id_selectors",
        "CSS - Selectors",
        "CQ005",
        "UNDERSTAND",
        "CSS"
      ],
      "multimedia": []
    },
    "options": [
      {
        "content": "An `ID selector` is prefixed with a dot (.) and can be used multiple times within a document.",
        "content_type": "MARKDOWN",
        "is_correct": false,
        "multimedia": []
      },
      {
        "content": "A `class selector` is prefixed with a hash (#) and should be unique within a document.",
        "content_type": "MARKDOWN",
        "is_correct": false,
        "multimedia": []
      },
      {
        "content": "A `class selector` is prefixed with a dot (.) and can be used multiple times within a document.",
        "content_type": "MARKDOWN",
        "is_correct": true,
        "multimedia": []
      },
      {
        "content": "An `ID selector` is prefixed with a hash (#) and should be unique within a document.",
        "content_type": "MARKDOWN",
        "is_correct": true,
        "multimedia": []
      }
    ],
    "explanation_for_answer": {
      "content": "A class selector in CSS is prefixed with a dot (`.`) and can be used multiple times within the same HTML document to apply the same styles to multiple elements. An ID selector is prefixed with a hash (#) and should be unique within a document, meaning each ID should only be used once.",
      "content_type": "MARKDOWN"
    }
  },
  {
    "question_id": "865d54b2-078f-4923-b1f7-40090ab5be4c",
    "question_key": "CQ005_v3",
    "skills": [],
    "toughness": "EASY",
    "question_type": "MORE_THAN_ONE_MULTIPLE_CHOICE",
    "question": {
      "content": "Which of the following are true regarding CSS selectors?",
      "content_type": "MARKDOWN",
      "tag_names": [
        "understanding_class_and_id_selectors",
        "CSS - Selectors",
        "CQ005",
        "UNDERSTAND",
        "CSS"
      ],
      "multimedia": []
    },
    "options": [
      {
        "content": "ID selectors are prefixed with a dot (.) and can be reused within a document.",
        "content_type": "MARKDOWN",
        "is_correct": false,
        "multimedia": []
      },
      {
        "content": "Class selectors are prefixed with a hash (#) and must be unique within a document.",
        "content_type": "MARKDOWN",
        "is_correct": false,
        "multimedia": []
      },
      {
        "content": "Class selectors are prefixed with a dot (.) and can be reused within a document.",
        "content_type": "MARKDOWN",
        "is_correct": true,
        "multimedia": []
      },
      {
        "content": "ID selectors are prefixed with a hash (#) and must be unique within a document.",
        "content_type": "MARKDOWN",
        "is_correct": true,
        "multimedia": []
      }
    ],
    "explanation_for_answer": {
      "content": "Class selectors in CSS are prefixed with a dot (.) and are designed to be reusable, allowing the same styles to be applied to multiple elements within the same HTML document. ID selectors are prefixed with a hash (#) and must be unique within a document, meaning each ID should only be used once.",
      "content_type": "MARKDOWN"
    }
  },
  {
    "question_id": "00dc4b19-c19e-45e5-800d-3e5325aaeab0",
    "question_key": "CQ005_v4",
    "skills": [],
    "toughness": "EASY",
    "question_type": "MULTIPLE_CHOICE",
    "question": {
      "content": "In CSS, the selector that is used to style elements with a specific class name is called a \\_\\_\\_\\_\\_\\_\\_\\_\\_, and it is prefixed with a \\_\\_\\_\\_\\_\\_\\_\\_\\_.",
      "content_type": "MARKDOWN",
      "tag_names": [
        "understanding_class_and_id_selectors",
        "CSS - Selectors",
        "CQ005",
        "UNDERSTAND",
        "CSS"
      ],
      "multimedia": []
    },
    "options": [
      {
        "content": "class selector, dot (.)",
        "content_type": "MARKDOWN",
        "is_correct": true,
        "multimedia": []
      },
      {
        "content": "ID selector, hash (#)",
        "content_type": "MARKDOWN",
        "is_correct": false,
        "multimedia": []
      },
      {
        "content": "class selector, hash (#)",
        "content_type": "MARKDOWN",
        "is_correct": false,
        "multimedia": []
      },
      {
        "content": "ID selector, dot (.)",
        "content_type": "MARKDOWN",
        "is_correct": false,
        "multimedia": []
      }
    ],
    "explanation_for_answer": {
      "content": "A class selector in CSS is used to style elements with a specific class name and is prefixed with a dot (.). This allows the same styles to be applied to multiple elements within the same HTML document.",
      "content_type": "MARKDOWN"
    }
  }
]