[
  {
    "question_key": "CQ001_v7",
    "skills": [],
    "toughness": "EASY",
    "question_type": "CODE_ANALYSIS_MULTIPLE_CHOICE",
    "explanation_for_answer": {
      "content": "In CSS inheritance, certain property values like color are inherited by child elements from their parent elements. Font-size is specified for the child, and margin and border-color are not mentioned and typically are not inherited properties.",
      "content_type": "MARKDOWN"
    },
    "question_text": "Given the CSS code snippet, which property value will be inherited by the child element with `text` class from the parent element with `content` class?",
    "multimedia": [],
    "content_type": "MARKDOWN",
    "tag_names": [
      "CQ001",
      "UNDERSTAND",
      "CSS - Inheritance",
      "CSS",
      "understand_css_inheritance_concept"
    ],
    "input_output": [
      {
        "input": "",
        "question_id": "91d21455-180f-4261-8a18-fe6f3f24daf1",
        "wrong_answers": [
          "font-size",
          "border-width",
          "border-color"
        ],
        "output": [
          "color"
        ]
      }
    ],
    "code_metadata": [
      {
        "is_editable": false,
        "language": "CSS",
        "code_data": ".content {\n   color: blue; \n   border-width: 2px;\n   border-color: red;\n}\n.text {\n   font-size: 16px;\n}",
        "default_code": true
      }
    ]
  },
  {
    "question_key": "CQ001_v8",
    "skills": [],
    "toughness": "EASY",
    "question_type": "CODE_ANALYSIS_MULTIPLE_CHOICE",
    "explanation_for_answer": {
      "content": "The color property is an inherited property in CSS, so any child element, like the p element, inside a div with the class parent-div will inherit the text color from it.",
      "content_type": "MARKDOWN"
    },
    "question_text": "In the given CSS code, the child element will inherit `color` property from its parent element with the class `parent-div`.",
    "multimedia": [],
    "content_type": "MARKDOWN",
    "tag_names": [
      "CQ001",
      "UNDERSTAND",
      "CSS - Inheritance",
      "CSS",
      "understand_css_inheritance_concept"
    ],
    "input_output": [
      {
        "input": "",
        "question_id": "6fa6e86e-0142-4865-aad2-e6526c8b9032",
        "wrong_answers": [
          "False"
        ],
        "output": [
          "True"
        ]
      }
    ],
    "code_metadata": [
      {
        "is_editable": false,
        "language": "CSS",
        "code_data": ".parent-div {\n   color: green;\n}",
        "default_code": true
      }
    ]
  },
  {
    "question_key": "CQ001_v9",
    "skills": [],
    "toughness": "EASY",
    "question_type": "CODE_ANALYSIS_MULTIPLE_CHOICE",
    "explanation_for_answer": {
      "content": "Padding is not an inherited property in CSS. Color and font-weight are inherited properties, but in this code snippet, font-weight is explicitly set for the child element.",
      "content_type": "MARKDOWN"
    },
    "question_text": "Which of the following CSS properties is not typically inherited by child element with class `text` from their parent element with class `textContainer`?",
    "multimedia": [],
    "content_type": "MARKDOWN",
    "tag_names": [
      "CQ001",
      "UNDERSTAND",
      "CSS - Inheritance",
      "CSS",
      "understand_css_inheritance_concept"
    ],
    "input_output": [
      {
        "input": "",
        "question_id": "e6c5452c-5e4e-42f7-b233-a85c3a300f77",
        "wrong_answers": [
          "color",
          "font-weight",
          "All the given options"
        ],
        "output": [
          "padding"
        ]
      }
    ],
    "code_metadata": [
      {
        "is_editable": false,
        "language": "CSS",
        "code_data": ".textContainer { \n   padding: 20px; \n   color: red;\n}\n\n.text { \n   font-weight: bold; \n}",
        "default_code": true
      }
    ]
  },
  {
    "question_key": "CQ001_v10",
    "skills": [],
    "toughness": "EASY",
    "question_type": "CODE_ANALYSIS_MULTIPLE_CHOICE",
    "explanation_for_answer": {
      "content": "The 'color' property is inherited in CSS, so the child elements will inherit the color value of #0000FF from the parent element.",
      "content_type": "MARKDOWN"
    },
    "question_text": "Based on the CSS code provided, what will be the value for the `color` property of the element with `second` class inside the element with `first` class?",
    "multimedia": [],
    "content_type": "MARKDOWN",
    "tag_names": [
      "CQ001",
      "UNDERSTAND",
      "CSS - Inheritance",
      "CSS",
      "understand_css_inheritance_concept"
    ],
    "input_output": [
      {
        "input": "",
        "question_id": "df4ca8f0-f37b-411a-a381-7f0458307715",
        "wrong_answers": [
          "#FF0000",
          "No color will be applied to the child elements",
          "None of the given options"
        ],
        "output": [
          "#0000FF"
        ]
      }
    ],
    "code_metadata": [
      {
        "is_editable": false,
        "language": "CSS",
        "code_data": ".first {\n    color: #0000FF; \n} \n.second { \n   font-size: 12px; \n}",
        "default_code": true
      }
    ]
  },
  {
    "question_key": "CQ001_v12",
    "question_id": "8b677ec8-3142-4102-8cf2-21789b250c08",
    "question_text": "Given the CSS code, what will be the value of CSS color property of the child element inherit from its parent element with the class `parent-div`?",
    "multimedia": [],
    "skills": [],
    "toughness": "EASY",
    "reference": "",
    "question_type": "CODE_ANALYSIS_TEXTUAL",
    "tag_names": [
      "CQ001",
      "UNDERSTAND",
      "CSS - Inheritance",
      "CSS",
      "understand_css_inheritance_concept"
    ],
    "content_type": "MARKDOWN",
    "input_output": [
      {
        "input": "",
        "output": [
          "blue"
        ]
      }
    ],
    "code_metadata": [
      {
        "is_editable": false,
        "language": "CSS",
        "code_data": ".parent-div {\n   color: blue;\n}",
        "default_code": true
      }
    ],
    "explanation_for_answer": {
      "content": "The `<p>` element will inherit the color property value from its parent `<div>` with the class parent-div, making the text color blue.",
      "content_type": "MARKDOWN"
    }
  },
  {
    "question_key": "CQ001_v13",
    "question_id": "c19d8aac-e43d-465e-b180-b0f1044a0989",
    "question_text": "Analyze the given CSS code snippet and write the CSS `font-weight` property value of the child element `<p>` inside the parent `<div>` with the class `parent-div`.",
    "multimedia": [],
    "skills": [],
    "toughness": "EASY",
    "reference": "",
    "question_type": "CODE_ANALYSIS_TEXTUAL",
    "tag_names": [
      "CQ001",
      "UNDERSTANDING",
      "CSS - Inheritance",
      "CSS",
      "understand_css_inheritance_concept"
    ],
    "content_type": "MARKDOWN",
    "input_output": [
      {
        "input": "",
        "output": [
          "bold"
        ]
      }
    ],
    "code_metadata": [
      {
        "is_editable": false,
        "language": "CSS",
        "code_data": ".parent-div {\n   font-weight: bold;\n}",
        "default_code": true
      }
    ],
    "explanation_for_answer": {
      "content": "The `<p>` element will inherit the font-weight property from its parent `<div>` with the class parent-div, resulting in bold text.",
      "content_type": "MARKDOWN"
    }
  },
  {
    "question_key": "CQ001_v14",
    "question_id": "8382f903-d895-4284-a786-748774134f85",
    "question_text": "What will be the final value of the `font-style` property for the `<h1>` element inside the parent element with class `section` according to given CSS code?",
    "multimedia": [],
    "skills": [],
    "toughness": "EASY",
    "reference": "",
    "question_type": "CODE_ANALYSIS_TEXTUAL",
    "tag_names": [
      "CQ001",
      "UNDERSTANDING",
      "CSS - Inheritance",
      "CSS",
      "understand_css_inheritance_concept"
    ],
    "content_type": "MARKDOWN",
    "input_output": [
      {
        "input": "",
        "output": [
          "italic"
        ]
      }
    ],
    "code_metadata": [
      {
        "is_editable": false,
        "language": "CSS",
        "code_data": ".section {\n   font-style: italic;\n}",
        "default_code": true
      }
    ],
    "explanation_for_answer": {
      "content": "",
      "content_type": "MARKDOWN"
    }
  },
  {
    "question_key": "CQ001_v15",
    "question_id": "975e23a7-af26-4f30-a4d7-b46add8849d9",
    "question_text": "Examine the code snippet and write the inherited text-align property value for the `<h1>` element inside the element with the class `div-container`.",
    "multimedia": [],
    "skills": [],
    "toughness": "EASY",
    "reference": "",
    "question_type": "CODE_ANALYSIS_TEXTUAL",
    "tag_names": [
      "CQ001",
      "UNDERSTANDING",
      "CSS - Inheritance",
      "CSS",
      "understand_css_inheritance_concept"
    ],
    "content_type": "MARKDOWN",
    "input_output": [
      {
        "input": "",
        "output": [
          "center"
        ]
      }
    ],
    "code_metadata": [
      {
        "is_editable": false,
        "language": "CSS",
        "code_data": ".div-container {\n   text-align: center;\n}",
        "default_code": true
      }
    ],
    "explanation_for_answer": {
      "content": "The <h1> element will inherit the text-align property with the value of center from its parent <div> with the class div-container, resulting in a centered heading.",
      "content_type": "MARKDOWN"
    }
  },
  {
    "question_key": "CQ001_v16",
    "question_id": "adee9e25-eca9-4662-a740-2cc80422f7a3",
    "question_text": "Based on the CSS inheritance concept, what will be the value of list-style-type for the `<li>` elements inside the `<ul>` with class `list-container`?",
    "multimedia": [],
    "skills": [],
    "toughness": "EASY",
    "reference": "",
    "question_type": "CODE_ANALYSIS_TEXTUAL",
    "tag_names": [
      "CQ001",
      "UNDERSTANDING",
      "CSS - Inheritance",
      "CSS",
      "understand_css_inheritance_concept"
    ],
    "content_type": "MARKDOWN",
    "input_output": [
      {
        "input": "",
        "output": [
          "square"
        ]
      }
    ],
    "code_metadata": [
      {
        "is_editable": false,
        "language": "CSS",
        "code_data": ".list-container {\n   list-style-type: square;\n}",
        "default_code": true
      }
    ],
    "explanation_for_answer": {
      "content": "The `<li>` elements will inherit the list-style-type property with the value of square from their parent `<ul>` with the class list-container, resulting in square bullets for the list items.",
      "content_type": "MARKDOWN"
    }
  },
  {
    "question_key": "CQ002_v7",
    "skills": [],
    "toughness": "EASY",
    "question_type": "CODE_ANALYSIS_MORE_THAN_ONE_MULTIPLE_CHOICE",
    "explanation_for_answer": {
      "content": "",
      "content_type": "MARKDOWN"
    },
    "question_text": "Given the CSS code snippet, which property values will be inherited by the child elements of the parent element with class `textContainer`?",
    "multimedia": [],
    "content_type": "MARKDOWN",
    "tag_names": [
      "identify_inherited_css_properties",
      "CSS - Inherited Properties",
      "REMEMBERING",
      "CQ002",
      "CSS"
    ],
    "input_output": [
      {
        "input": "",
        "question_id": "a6eaa084-db16-4281-ab9f-78369db8610c",
        "wrong_answers": [
          "margin",
          "padding"
        ],
        "output": [
          "font-family",
          "color"
        ]
      }
    ],
    "code_metadata": [
      {
        "is_editable": false,
        "language": "CSS",
        "code_data": ".textContainer {\n   font-family: Arial;\n   color: red;\n   margin: 10px;\n   padding: 5px;\n   border-style: dotted;\n}",
        "default_code": true
      }
    ]
  },
  {
    "question_key": "CQ002_v8",
    "skills": [],
    "toughness": "EASY",
    "question_type": "CODE_ANALYSIS_MULTIPLE_CHOICE",
    "explanation_for_answer": {
      "content": "",
      "content_type": "MARKDOWN"
    },
    "question_text": "Is the font-family property inherited to child element inside the parent element with class `text` in the given code snippet?",
    "multimedia": [],
    "content_type": "MARKDOWN",
    "tag_names": [
      "identify_inherited_css_properties",
      "CSS - Inherited Properties",
      "REMEMBERING",
      "CQ002",
      "CSS"
    ],
    "input_output": [
      {
        "input": "",
        "question_id": "09cf31a5-f869-45de-b7b9-14859d835a38",
        "wrong_answers": [
          "No"
        ],
        "output": [
          "Yes"
        ]
      }
    ],
    "code_metadata": [
      {
        "is_editable": false,
        "language": "CSS",
        "code_data": ".text {\n   font-family: 'Times New Roman';\n}",
        "default_code": true
      }
    ]
  },
  {
    "question_key": "CQ002_v9",
    "skills": [],
    "toughness": "EASY",
    "question_type": "CODE_ANALYSIS_MULTIPLE_CHOICE",
    "explanation_for_answer": {
      "content": "The font-family property is inherited, so the child element will inherit this property. The border-style property is not inherited by default.",
      "content_type": "MARKDOWN"
    },
    "question_text": "Which of the following statement is true regarding the CSS code snippet provided for a parent element with the class `heading`?",
    "multimedia": [],
    "content_type": "MARKDOWN",
    "tag_names": [
      "identify_inherited_css_properties",
      "CSS - Inherited Properties",
      "REMEMBERING",
      "CQ002",
      "CSS"
    ],
    "input_output": [
      {
        "input": "",
        "question_id": "b25306c1-1991-4140-bbac-3229bf9c5be0",
        "wrong_answers": [
          "The child element will inherit the border-style property.",
          "Both font-family and border-style properties will be inherited by the child element.",
          "Neither font-family nor border-style properties will be inherited by the child element."
        ],
        "output": [
          "The child element will inherit the font-family property."
        ]
      }
    ],
    "code_metadata": [
      {
        "is_editable": false,
        "language": "CSS",
        "code_data": ".heading {\n   font-family: \"sans-serif\";\n   border-style: solid;\n}",
        "default_code": true
      }
    ]
  },
  {
    "question_key": "CQ002_v10",
    "skills": [],
    "toughness": "EASY",
    "question_type": "CODE_ANALYSIS_MULTIPLE_CHOICE",
    "explanation_for_answer": {
      "content": "The <p> element will use the font-family property set in the .bold class, which is 'Courier New', Courier, monospace.",
      "content_type": "MARKDOWN"
    },
    "question_text": "Analyze the given CSS code snippet. What will be the value of the font-family property for the `<p>` element inside the `<div>` element with the class `bold`?",
    "multimedia": [],
    "content_type": "MARKDOWN",
    "tag_names": [
      "identify_inherited_css_properties",
      "CSS - Inherited Properties",
      "REMEMBERING",
      "CQ002",
      "CSS"
    ],
    "input_output": [
      {
        "input": "",
        "question_id": "284f3972-9907-4abe-9f62-3b9ea9c22e57",
        "wrong_answers": [
          "Arial",
          "'Times New Roman'",
          "None of the given options"
        ],
        "output": [
          "'Courier New'"
        ]
      }
    ],
    "code_metadata": [
      {
        "is_editable": false,
        "language": "CSS",
        "code_data": ".bold {\n   font-family: 'Courier New';\n}",
        "default_code": true
      }
    ]
  },
  {
    "question_key": "CQ002_v11",
    "skills": [],
    "toughness": "EASY",
    "question_type": "CODE_ANALYSIS_MULTIPLE_CHOICE",
    "explanation_for_answer": {
      "content": "",
      "content_type": "MARKDOWN"
    },
    "question_text": "Which CSS property in the code snippet will be inherited by the child element?",
    "multimedia": [],
    "content_type": "MARKDOWN",
    "tag_names": [
      "identify_inherited_css_properties",
      "CSS - Inherited Properties",
      "REMEMBERING",
      "CQ002",
      "CSS"
    ],
    "input_output": [
      {
        "input": "",
        "question_id": "f35977a6-9d6b-48eb-be4f-c98ecac4a0db",
        "wrong_answers": [
          "margin",
          "padding",
          "border-style"
        ],
        "output": [
          "font-family"
        ]
      }
    ],
    "code_metadata": [
      {
        "is_editable": false,
        "language": "CSS",
        "code_data": ".newstyle {\n   font-family: Roboto;\n   margin: 20px;\n   padding: 10px;\n   border-style: dashed;\n}",
        "default_code": true
      }
    ]
  },
  {
    "question_key": "CQ002_v12",
    "question_id": "306b49ea-16b5-43fa-8595-67005e1b7d17",
    "question_text": "In the provided CSS code, which CSS property will be inherited by child elements from their parent?",
    "multimedia": [],
    "skills": [],
    "toughness": "EASY",
    "reference": "",
    "question_type": "CODE_ANALYSIS_TEXTUAL",
    "tag_names": [
      "identify_inherited_css_properties",
      "CSS - Inherited Properties",
      "REMEMBERING",
      "CQ002",
      "CSS"
    ],
    "content_type": "MARKDOWN",
    "input_output": [
      {
        "input": "",
        "output": [
          "font-family"
        ]
      }
    ],
    "code_metadata": [
      {
        "is_editable": false,
        "language": "CSS",
        "code_data": ".text-container {\n   font-family: 'Arial';\n   margin: 10px;\n}",
        "default_code": true
      }
    ],
    "explanation_for_answer": {
      "content": "The font-family property is typically inherited from parent elements to child elements, so the `<p>` tag will inherit the 'Arial', sans-serif font-family from its parent `<div>`.",
      "content_type": "MARKDOWN"
    }
  },
  {
    "question_key": "CQ002_v13",
    "question_id": "67531a3e-2b35-40f5-a832-8a4a1f10782f",
    "question_text": "What will be the value of the font family of the text inside the element with the class `text-container` in the given code snippet?",
    "multimedia": [],
    "skills": [],
    "toughness": "EASY",
    "reference": "",
    "question_type": "CODE_ANALYSIS_TEXTUAL",
    "tag_names": [
      "identify_inherited_css_properties",
      "CSS - Inherited Properties",
      "REMEMBERING",
      "CQ002",
      "CSS"
    ],
    "content_type": "MARKDOWN",
    "input_output": [
      {
        "input": "",
        "output": [
          "Roboto"
        ]
      }
    ],
    "code_metadata": [
      {
        "is_editable": false,
        "language": "CSS",
        "code_data": ".text-container {\n   font-family: Roboto;\n}",
        "default_code": true
      }
    ],
    "explanation_for_answer": {
      "content": "",
      "content_type": "MARKDOWN"
    }
  },
  {
    "question_key": "CQ002_v14",
    "question_id": "c77eebc7-95df-4811-b049-73d0973a1879",
    "question_text": "Examine the given code snippet and write the CSS property that will be inherited by child elements from their parent element with the class `section-container` in the space provided below.",
    "multimedia": [],
    "skills": [],
    "toughness": "EASY",
    "reference": "",
    "question_type": "CODE_ANALYSIS_TEXTUAL",
    "tag_names": [
      "identify_inherited_css_properties",
      "CSS - Inherited Properties",
      "REMEMBERING",
      "CQ002",
      "CSS"
    ],
    "content_type": "MARKDOWN",
    "input_output": [
      {
        "input": "",
        "output": [
          "font-weight"
        ]
      }
    ],
    "code_metadata": [
      {
        "is_editable": false,
        "language": "CSS",
        "code_data": ".section-container {\n   font-weight: bold;\n   border-width: 2px;\n}",
        "default_code": true
      }
    ],
    "explanation_for_answer": {
      "content": "The font-weight property is an inherited property, so the `<strong>` tag will inherit the bold font weight from its parent `<section>`.",
      "content_type": "MARKDOWN"
    }
  },
  {
    "question_key": "CQ003_v7",
    "skills": [],
    "toughness": "EASY",
    "question_type": "CODE_ANALYSIS_MULTIPLE_CHOICE",
    "explanation_for_answer": {
      "content": "The width property is a non-inherited CSS property, meaning it will not be automatically passed down to child elements like .child from the parent element .parent.",
      "content_type": "MARKDOWN"
    },
    "question_text": "Given the CSS code snippet, which property will not be inherited by child elements inside the parent element with the class `parent`?",
    "multimedia": [],
    "content_type": "MARKDOWN",
    "tag_names": [
      "identify_non_inherited_css_properties",
      "REMEMBERING",
      "CQ003",
      "CSS",
      "CSS - Non-inherited Properties"
    ],
    "input_output": [
      {
        "input": "",
        "question_id": "4947a93f-dce7-4b66-b94c-a795bb3fc110",
        "wrong_answers": [
          "color",
          "font-weight",
          "text-align"
        ],
        "output": [
          "width"
        ]
      }
    ],
    "code_metadata": [
      {
        "is_editable": false,
        "language": "CSS",
        "code_data": ".parent { \n   width: 300px; \n   color: black; \n   font-weight: bold; \n   text-align: left;\n}",
        "default_code": true
      }
    ]
  },
  {
    "question_key": "CQ003_v8",
    "skills": [],
    "toughness": "EASY",
    "question_type": "CODE_ANALYSIS_MULTIPLE_CHOICE",
    "explanation_for_answer": {
      "content": "The `border-style` property is a non-inherited property, which means it is not passed down from the parent to the child elements and must be defined explicitly for each element.",
      "content_type": "MARKDOWN"
    },
    "question_text": "In the given code snippet, the `border-style` property is inherited to the child elements inside the parent element with the class `parent`.",
    "multimedia": [],
    "content_type": "MARKDOWN",
    "tag_names": [
      "identify_non_inherited_css_properties",
      "REMEMBERING",
      "CQ003",
      "CSS",
      "CSS - Non-inherited Properties"
    ],
    "input_output": [
      {
        "input": "",
        "question_id": "f9959870-59fd-4e62-93c9-561b91f59d2d",
        "wrong_answers": [
          "True"
        ],
        "output": [
          "False"
        ]
      }
    ],
    "code_metadata": [
      {
        "is_editable": false,
        "language": "CSS",
        "code_data": ".parent { \n   border-style: dashed; \n   color: black;\n}",
        "default_code": true
      }
    ]
  },
  {
    "question_key": "CQ003_v10",
    "skills": [],
    "toughness": "EASY",
    "question_type": "CODE_ANALYSIS_MULTIPLE_CHOICE",
    "explanation_for_answer": {
      "content": "Padding is a non-inherited property, meaning its value set on the parent element will not be applied to the child element. Font-style, on the other hand, is an inherited property.",
      "content_type": "MARKDOWN"
    },
    "question_text": "In the given CSS code, which CSS property assigned to the element with class `parent` will not be inherited by its child elements?",
    "multimedia": [],
    "content_type": "MARKDOWN",
    "tag_names": [
      "identify_non_inherited_css_properties",
      "REMEMBERING",
      "CQ003",
      "CSS",
      "CSS - Non-inherited Properties"
    ],
    "input_output": [
      {
        "input": "",
        "question_id": "2d2cb61b-3f8e-444c-81fc-305c153c1597",
        "wrong_answers": [
          "font-style"
        ],
        "output": [
          "padding"
        ]
      }
    ],
    "code_metadata": [
      {
        "is_editable": false,
        "language": "CSS",
        "code_data": ".parent {\n    padding: 10px; \n    font-style: italic; \n}",
        "default_code": true
      }
    ]
  },
  {
    "question_key": "CQ003_v11",
    "skills": [],
    "toughness": "EASY",
    "question_type": "CODE_ANALYSIS_MULTIPLE_CHOICE",
    "explanation_for_answer": {
      "content": "",
      "content_type": "MARKDOWN"
    },
    "question_text": "Which CSS property in the code snippet will not be passed from the parent element with the class `text` to their child elements?",
    "multimedia": [],
    "content_type": "MARKDOWN",
    "tag_names": [
      "identify_non_inherited_css_properties",
      "REMEMBERING",
      "CQ003",
      "CSS",
      "CSS - Non-inherited Properties"
    ],
    "input_output": [
      {
        "input": "",
        "question_id": "1c4f81da-93e4-4a4b-9e61-bddb3ae91b90",
        "wrong_answers": [
          "color"
        ],
        "output": [
          "height"
        ]
      }
    ],
    "code_metadata": [
      {
        "is_editable": false,
        "language": "CSS",
        "code_data": ".text {\n    height: 100px;\n    color: red;\n}",
        "default_code": true
      }
    ]
  },
  {
    "question_key": "CQ003_v12",
    "skills": [],
    "toughness": "EASY",
    "question_type": "CODE_ANALYSIS_MULTIPLE_CHOICE",
    "explanation_for_answer": {
      "content": "Border-width is a non-inherited property and will not be passed down to the .child class from the .parent class. Font-size is an inherited property and will be passed down unless specifically overridden.",
      "content_type": "MARKDOWN"
    },
    "question_text": "In the given CSS code, which property from the `parent` class will not be inherited by its child element with the `child` class?",
    "multimedia": [],
    "content_type": "MARKDOWN",
    "tag_names": [
      "identify_non_inherited_css_properties",
      "REMEMBERING",
      "CQ003",
      "CSS",
      "CSS - Non-inherited Properties"
    ],
    "input_output": [
      {
        "input": "",
        "question_id": "31b27564-a449-4419-bc5a-f394f0278496",
        "wrong_answers": [
          "font-size"
        ],
        "output": [
          "border-width"
        ]
      }
    ],
    "code_metadata": [
      {
        "is_editable": false,
        "language": "CSS",
        "code_data": ".parent { \n   border-width: 5px; \n   font-size: 16px; \n}",
        "default_code": true
      }
    ]
  },
  {
    "question_key": "CQ005_v5",
    "skills": [],
    "toughness": "EASY",
    "question_type": "CODE_ANALYSIS_MULTIPLE_CHOICE",
    "explanation_for_answer": {
      "content": "The paragraph text will inherit the color blue from its parent container due to CSS inheritance.",
      "content_type": "MARKDOWN"
    },
    "question_text": "According to the given code, which color will the child element inside the parent element with the class `text-container` inherit by default?",
    "multimedia": [],
    "content_type": "MARKDOWN",
    "tag_names": [
      "CQ005",
      "APPLY",
      "CSS - Inheritance Application",
      "apply_css_inheritance_principles",
      "CSS"
    ],
    "input_output": [
      {
        "input": "",
        "question_id": "09ec50aa-1aa4-4daf-9af7-0b280950ac16",
        "wrong_answers": [
          "Black",
          "Red",
          "The default browser color"
        ],
        "output": [
          "Blue"
        ]
      }
    ],
    "code_metadata": [
      {
        "is_editable": false,
        "language": "CSS",
        "code_data": ".text-container {\n   color: blue;\n}",
        "default_code": true
      }
    ]
  }
]